--
-- PostgreSQL database dump
--

-- Dumped from database version 12.7
-- Dumped by pg_dump version 12.2

-- Started on 2021-11-16 03:54:46

SET statement_timeout = 0;
SET lock_timeout = 0;
SET idle_in_transaction_session_timeout = 0;
SET client_encoding = 'UTF8';
SET standard_conforming_strings = on;
SELECT pg_catalog.set_config('search_path', '', false);
SET check_function_bodies = false;
SET xmloption = content;
SET client_min_messages = warning;
SET row_security = off;

SET default_tablespace = '';

SET default_table_access_method = heap;

--
-- TOC entry 209 (class 1259 OID 16440)
-- Name: data_entry; Type: TABLE; Schema: public; Owner: kaco
--

CREATE TABLE public.data_entry (
    "timestamp" timestamp without time zone NOT NULL,
    plant_id integer NOT NULL,
    gen_volt1 numeric(10,2) NOT NULL,
    gen_volt2 numeric(10,2) NOT NULL,
    grid_volt1 numeric(10,2) NOT NULL,
    grid_volt2 numeric(10,2) NOT NULL,
    grid_volt3 numeric(10,2) NOT NULL,
    gen_cur1 numeric(10,2) NOT NULL,
    gen_cur2 numeric(10,2) NOT NULL,
    grid_cur1 numeric(10,2) NOT NULL,
    grid_cur2 numeric(10,2) NOT NULL,
    grid_cur3 numeric(10,2) NOT NULL,
    grid_pow numeric(10,2) NOT NULL,
    device_temp numeric(10,2) NOT NULL,
    device_status character varying(20) NOT NULL
);


ALTER TABLE public.data_entry OWNER TO kaco;

--
-- TOC entry 205 (class 1259 OID 16399)
-- Name: location; Type: TABLE; Schema: public; Owner: kaco
--

CREATE TABLE public.location (
    location_id integer NOT NULL,
    country character varying(255) NOT NULL,
    district character varying(255) NOT NULL,
    city character varying(255) NOT NULL,
    post_number integer NOT NULL,
    address character varying(255) NOT NULL
);


ALTER TABLE public.location OWNER TO kaco;

--
-- TOC entry 204 (class 1259 OID 16397)
-- Name: location_location_id_seq; Type: SEQUENCE; Schema: public; Owner: kaco
--

CREATE SEQUENCE public.location_location_id_seq
    AS integer
    START WITH 1
    INCREMENT BY 1
    NO MINVALUE
    NO MAXVALUE
    CACHE 1;


ALTER TABLE public.location_location_id_seq OWNER TO kaco;

--
-- TOC entry 2998 (class 0 OID 0)
-- Dependencies: 204
-- Name: location_location_id_seq; Type: SEQUENCE OWNED BY; Schema: public; Owner: kaco
--

ALTER SEQUENCE public.location_location_id_seq OWNED BY public.location.location_id;


--
-- TOC entry 208 (class 1259 OID 16425)
-- Name: owned_by; Type: TABLE; Schema: public; Owner: kaco
--

CREATE TABLE public.owned_by (
    plant_id integer NOT NULL,
    person_id integer NOT NULL
);


ALTER TABLE public.owned_by OWNER TO kaco;

--
-- TOC entry 203 (class 1259 OID 16388)
-- Name: person; Type: TABLE; Schema: public; Owner: kaco
--

CREATE TABLE public.person (
    person_id integer NOT NULL,
    first_name character varying(255) NOT NULL,
    last_name character varying(255) NOT NULL
);


ALTER TABLE public.person OWNER TO kaco;

--
-- TOC entry 202 (class 1259 OID 16386)
-- Name: person_person_id_seq; Type: SEQUENCE; Schema: public; Owner: kaco
--

CREATE SEQUENCE public.person_person_id_seq
    AS integer
    START WITH 1
    INCREMENT BY 1
    NO MINVALUE
    NO MAXVALUE
    CACHE 1;


ALTER TABLE public.person_person_id_seq OWNER TO kaco;

--
-- TOC entry 2999 (class 0 OID 0)
-- Dependencies: 202
-- Name: person_person_id_seq; Type: SEQUENCE OWNED BY; Schema: public; Owner: kaco
--

ALTER SEQUENCE public.person_person_id_seq OWNED BY public.person.person_id;


--
-- TOC entry 207 (class 1259 OID 16412)
-- Name: power_plant; Type: TABLE; Schema: public; Owner: kaco
--

CREATE TABLE public.power_plant (
    plant_id integer NOT NULL,
    plant_name character varying(255) NOT NULL,
    plant_type character varying(40) NOT NULL,
    nominal_power numeric(10,2) NOT NULL,
    deployment_date timestamp without time zone NOT NULL,
    location_id integer NOT NULL
);


ALTER TABLE public.power_plant OWNER TO kaco;

--
-- TOC entry 206 (class 1259 OID 16410)
-- Name: power_plant_plant_id_seq; Type: SEQUENCE; Schema: public; Owner: kaco
--

CREATE SEQUENCE public.power_plant_plant_id_seq
    AS integer
    START WITH 1
    INCREMENT BY 1
    NO MINVALUE
    NO MAXVALUE
    CACHE 1;


ALTER TABLE public.power_plant_plant_id_seq OWNER TO kaco;

--
-- TOC entry 3000 (class 0 OID 0)
-- Dependencies: 206
-- Name: power_plant_plant_id_seq; Type: SEQUENCE OWNED BY; Schema: public; Owner: kaco
--

ALTER SEQUENCE public.power_plant_plant_id_seq OWNED BY public.power_plant.plant_id;


--
-- TOC entry 2839 (class 2604 OID 16402)
-- Name: location location_id; Type: DEFAULT; Schema: public; Owner: kaco
--

ALTER TABLE ONLY public.location ALTER COLUMN location_id SET DEFAULT nextval('public.location_location_id_seq'::regclass);


--
-- TOC entry 2838 (class 2604 OID 16391)
-- Name: person person_id; Type: DEFAULT; Schema: public; Owner: kaco
--

ALTER TABLE ONLY public.person ALTER COLUMN person_id SET DEFAULT nextval('public.person_person_id_seq'::regclass);


--
-- TOC entry 2840 (class 2604 OID 16415)
-- Name: power_plant plant_id; Type: DEFAULT; Schema: public; Owner: kaco
--

ALTER TABLE ONLY public.power_plant ALTER COLUMN plant_id SET DEFAULT nextval('public.power_plant_plant_id_seq'::regclass);


--
-- TOC entry 2992 (class 0 OID 16440)
-- Dependencies: 209
-- Data for Name: data_entry; Type: TABLE DATA; Schema: public; Owner: kaco
--

COPY public.data_entry ("timestamp", plant_id, gen_volt1, gen_volt2, grid_volt1, grid_volt2, grid_volt3, gen_cur1, gen_cur2, grid_cur1, grid_cur2, grid_cur3, grid_pow, device_temp, device_status) FROM stdin;
2021-11-01 14:02:54	1	369.61	307.30	236.16	239.19	234.96	6.04	5.96	5.73	5.66	5.63	3971.92	43.25	4
2021-11-01 14:02:56	1	372.91	306.35	236.06	239.29	234.89	5.98	5.98	5.73	5.65	5.64	3970.40	43.25	4
2021-11-01 14:02:58	1	373.03	309.06	236.48	239.43	235.09	5.98	5.92	5.72	5.66	5.64	3968.87	43.24	4
2021-11-01 14:03:14	1	372.64	309.65	232.40	240.82	236.14	5.98	5.91	5.74	5.65	5.65	3964.29	43.26	4
2021-11-01 14:03:17	1	369.34	308.77	233.16	241.41	236.09	6.04	5.92	5.73	5.64	5.63	3964.29	43.25	4
2021-11-01 14:03:19	1	376.13	308.74	232.65	241.07	236.14	5.92	5.93	5.73	5.65	5.63	3964.29	43.28	4
2021-11-01 14:03:21	1	369.22	308.70	233.23	241.46	236.53	6.03	5.92	5.71	5.63	5.63	3964.29	43.27	4
2021-11-01 14:03:02	1	369.41	306.23	237.06	240.09	235.99	6.04	5.98	5.69	5.62	5.62	3970.40	43.22	4
2021-11-01 14:03:25	1	372.61	305.69	233.30	241.53	236.72	5.98	5.98	5.71	5.63	5.63	3964.29	43.25	4
2021-11-01 14:03:23	1	372.71	311.41	232.89	241.17	236.16	5.98	5.87	5.73	5.65	5.63	3964.29	43.25	4
2021-11-01 14:03:00	1	369.61	309.06	236.58	239.63	235.38	6.04	5.93	5.71	5.65	5.62	3968.87	43.27	4
2021-11-01 14:03:27	1	369.17	308.67	233.26	241.56	236.60	6.04	5.93	5.73	5.65	5.65	3967.35	43.28	4
2021-11-01 14:03:08	1	369.44	303.18	232.30	240.82	236.11	6.03	6.02	5.73	5.65	5.63	3962.77	43.26	4
2021-11-01 14:03:29	1	369.15	308.55	233.16	241.43	236.55	6.04	5.93	5.72	5.65	5.63	3967.35	43.26	4
2021-11-01 14:03:33	1	372.52	311.28	232.50	240.31	235.21	5.99	5.88	5.74	5.67	5.65	3967.35	43.25	4
2021-11-01 14:03:35	1	369.10	308.50	232.16	240.16	234.99	6.05	5.94	5.75	5.67	5.66	3967.35	43.25	4
2021-11-01 14:03:37	1	375.76	308.43	232.69	240.75	235.60	5.93	5.94	5.73	5.65	5.64	3965.82	43.25	4
2021-11-01 14:03:39	1	372.30	311.14	232.77	240.68	235.38	5.99	5.88	5.74	5.66	5.65	3967.35	43.34	4
2021-11-01 14:03:31	1	372.56	305.77	232.23	240.48	235.65	5.99	5.98	5.74	5.67	5.65	3965.82	43.25	4
2021-11-01 14:03:04	1	372.93	306.16	231.50	239.77	235.38	5.98	5.97	5.74	5.67	5.66	3965.82	43.29	4
2021-11-01 14:03:06	1	372.86	309.84	232.67	240.73	236.23	5.98	5.90	5.72	5.64	5.64	3962.77	43.28	4
2021-11-01 14:03:41	1	372.42	305.57	232.74	240.78	235.57	5.99	5.99	5.73	5.64	5.66	3967.35	43.26	4
2021-11-01 14:03:43	1	375.54	308.28	232.74	240.70	235.50	5.93	5.94	5.72	5.66	5.64	3967.35	43.25	4
2021-11-01 14:03:47	1	372.10	305.47	232.67	240.53	235.28	6.00	5.99	5.74	5.65	5.65	3965.82	43.25	4
2021-11-01 14:03:49	1	372.15	310.97	233.11	240.97	235.72	5.99	5.88	5.71	5.64	5.63	3965.82	43.25	4
2021-11-01 14:03:45	1	368.80	308.26	232.89	240.51	235.50	6.05	5.94	5.73	5.67	5.65	3967.35	43.25	4
2021-11-01 14:03:51	1	375.47	308.13	233.18	241.07	235.92	5.93	5.94	5.72	5.64	5.64	3965.82	43.27	4
2021-11-01 14:03:53	1	368.71	308.16	233.04	240.92	235.77	6.05	5.94	5.73	5.65	5.64	3964.29	43.25	4
2021-11-01 14:03:58	1	372.00	305.35	232.89	241.07	235.79	6.00	5.99	5.72	5.65	5.63	3967.35	43.25	4
2021-11-01 14:04:00	1	368.56	308.06	230.37	241.63	236.92	6.05	5.94	5.74	5.65	5.65	3967.35	43.25	4
2021-11-01 14:04:02	1	371.95	310.72	232.11	240.65	235.97	5.99	5.89	5.73	5.65	5.65	3967.35	43.27	4
2021-11-01 14:03:55	1	372.05	310.82	232.86	240.75	235.62	6.00	5.88	5.73	5.65	5.64	3964.29	43.28	4
2021-11-01 14:04:06	1	368.34	307.96	232.01	240.58	235.79	6.05	5.95	5.73	5.66	5.65	3967.35	43.31	4
2021-11-01 14:04:04	1	375.18	307.96	232.25	240.60	235.87	5.94	5.95	5.74	5.65	5.65	3967.35	43.28	4
2021-11-01 14:04:08	1	371.83	310.67	232.11	240.80	235.89	6.00	5.89	5.74	5.66	5.66	3968.87	43.23	4
2021-11-01 14:04:12	1	368.36	307.84	232.30	240.95	236.09	6.06	5.96	5.75	5.66	5.66	3971.92	43.23	4
2021-11-01 14:04:10	1	371.71	307.77	232.23	240.68	235.99	6.01	5.96	5.74	5.65	5.66	3970.40	43.19	4
2021-11-01 14:04:14	1	375.03	307.84	232.30	240.95	236.26	5.95	5.96	5.74	5.67	5.65	3971.92	43.24	4
2021-11-01 14:04:16	1	371.61	304.94	232.47	240.70	235.87	6.01	6.01	5.73	5.66	5.65	3968.87	43.33	4
2021-11-01 14:04:24	1	371.39	310.31	232.30	240.63	235.82	6.02	5.91	5.75	5.68	5.65	3971.92	43.25	4
2021-11-01 14:04:18	1	371.54	310.43	232.30	240.73	235.84	6.01	5.90	5.73	5.67	5.65	3970.40	43.35	4
2021-11-01 14:04:22	1	367.97	307.67	232.52	240.65	235.84	6.06	5.96	5.74	5.66	5.64	3970.40	43.29	4
2021-11-01 14:04:20	1	374.83	307.67	232.16	240.65	235.77	5.95	5.96	5.74	5.66	5.66	3970.40	43.26	4
2021-11-01 14:04:26	1	371.39	304.74	232.13	240.68	235.79	6.01	6.01	5.73	5.66	5.66	3970.40	43.27	4
2021-11-01 14:04:30	1	374.66	307.40	232.43	240.78	235.77	5.95	5.96	5.75	5.65	5.65	3968.87	43.34	4
2021-11-01 14:04:28	1	367.93	307.48	232.13	240.48	235.57	6.06	5.96	5.73	5.66	5.67	3967.35	43.31	4
2021-11-01 14:03:10	1	369.44	310.53	232.13	240.75	235.89	6.03	5.89	5.73	5.65	5.64	3965.82	43.27	4
2021-11-01 14:04:32	1	371.25	304.64	232.30	240.95	235.97	6.01	6.01	5.73	5.66	5.64	3968.87	43.22	4
2021-11-01 14:04:34	1	371.25	310.19	231.99	240.58	235.82	6.01	5.90	5.75	5.66	5.66	3968.87	43.20	4
2021-11-01 14:04:36	1	374.49	307.38	232.16	240.70	235.94	5.95	5.96	5.73	5.66	5.65	3965.82	43.23	4
2021-11-01 14:04:38	1	367.66	307.40	233.04	240.58	235.87	6.06	5.96	5.74	5.65	5.65	3967.35	43.29	4
2021-11-01 14:04:40	1	371.05	310.06	233.01	240.58	235.75	6.01	5.90	5.72	5.67	5.64	3967.35	43.33	4
2021-11-01 14:04:43	1	370.98	304.52	233.11	240.82	235.94	6.01	6.00	5.73	5.64	5.63	3965.82	43.33	4
2021-11-01 14:03:12	1	366.00	305.91	232.28	241.19	236.28	6.08	5.98	5.67	5.66	5.64	3962.77	43.25	4
2021-11-01 14:04:45	1	367.58	307.26	232.65	240.26	235.45	6.06	5.96	5.74	5.66	5.65	3965.82	43.34	4
2021-11-01 14:04:47	1	367.53	307.23	232.91	240.53	235.65	6.06	5.96	5.72	5.65	5.64	3964.29	43.29	4
2021-11-01 14:04:49	1	374.30	307.18	232.23	240.21	235.21	5.95	5.96	5.73	5.65	5.65	3962.77	43.25	4
2021-11-01 14:04:51	1	370.81	304.33	232.86	240.48	235.77	6.01	6.01	5.72	5.64	5.64	3962.77	43.33	4
2021-11-01 14:04:55	1	374.15	306.94	232.91	240.51	235.75	5.94	5.96	5.73	5.65	5.63	3961.24	43.27	4
2021-11-01 14:04:57	1	367.29	307.04	232.94	240.43	235.72	6.06	5.95	5.72	5.65	5.64	3959.72	43.35	4
2021-11-01 14:04:59	1	370.68	309.72	232.69	240.16	235.55	6.00	5.90	5.73	5.65	5.65	3958.19	43.26	4
2021-11-01 14:05:01	1	370.54	304.18	232.77	240.34	235.70	6.00	6.00	5.71	5.64	5.63	3953.61	43.34	4
2021-11-01 14:05:03	1	368.17	306.87	232.74	240.36	235.87	6.03	5.94	5.71	5.63	5.63	3953.61	43.35	4
2021-11-01 14:05:21	1	373.64	306.65	233.33	240.24	235.55	5.94	5.95	5.71	5.63	5.62	3950.56	43.36	4
2021-11-01 14:05:44	1	369.76	309.16	233.04	239.95	235.45	6.00	5.89	5.70	5.63	5.62	3944.46	43.27	4
2021-11-01 14:05:58	1	366.00	311.72	233.06	240.12	235.60	6.04	5.82	5.69	5.61	5.60	3935.30	43.33	4
2021-11-01 14:06:23	1	372.49	305.77	233.82	239.77	233.13	5.93	5.93	5.70	5.64	5.61	3929.20	43.40	4
2021-11-01 14:06:49	1	372.00	305.25	234.92	238.82	233.04	5.92	5.91	5.64	5.59	5.58	3913.94	43.37	4
2021-11-01 14:07:12	1	371.51	304.89	238.70	238.94	233.06	5.91	5.91	5.64	5.56	5.55	3901.73	43.41	4
2021-11-01 14:07:28	1	371.20	304.72	238.33	238.75	230.98	5.91	5.91	5.63	5.58	5.56	3900.21	43.40	4
2021-11-01 14:07:48	1	374.08	307.06	238.60	239.21	231.30	5.85	5.86	5.62	5.56	5.55	3895.63	43.45	4
2021-11-01 14:08:05	1	370.44	304.03	238.90	238.55	231.62	5.91	5.90	5.62	5.56	5.55	3889.52	43.48	4
2021-11-01 14:08:11	1	373.81	306.74	238.68	238.63	231.45	5.85	5.86	5.61	5.55	5.54	3892.58	43.41	4
2021-11-01 14:08:23	1	376.98	309.55	238.50	238.14	231.38	5.79	5.80	5.62	5.55	5.55	3889.52	43.49	4
2021-11-01 14:08:31	1	370.00	309.50	238.77	238.58	231.45	5.89	5.80	5.62	5.55	5.53	3883.42	43.41	4
2021-11-01 14:08:46	1	369.73	309.18	238.94	238.68	228.81	5.90	5.79	5.61	5.59	5.55	3878.84	43.57	4
2021-11-01 14:08:54	1	369.61	309.01	240.53	239.24	224.83	5.90	5.80	5.62	5.58	5.56	3878.84	43.50	4
2021-11-01 14:09:08	1	372.81	309.82	240.12	238.92	224.34	5.84	5.77	5.62	5.57	5.57	3874.27	43.55	4
2021-11-01 14:09:59	1	370.54	310.65	236.33	243.17	233.48	5.86	5.73	5.55	5.49	5.47	3860.53	43.61	4
2021-11-01 14:10:20	1	370.07	304.79	237.02	243.34	234.11	5.86	5.84	5.53	5.45	5.47	3860.53	43.60	4
2021-11-01 14:10:43	1	370.86	309.94	237.28	243.61	234.09	5.85	5.75	5.54	5.45	5.46	3862.06	43.67	4
2021-11-01 14:11:16	1	373.81	312.41	236.55	244.73	230.06	5.79	5.68	5.53	5.47	5.47	3849.85	43.74	4
2021-11-01 14:11:34	1	373.42	306.50	236.38	244.10	233.72	5.79	5.80	5.53	5.48	5.44	3851.38	43.71	4
2021-11-01 14:11:55	1	373.00	311.80	231.89	244.68	233.96	5.78	5.67	5.52	5.44	5.47	3836.12	43.77	4
2021-11-01 14:12:19	1	369.07	305.77	232.38	245.10	233.11	5.83	5.78	5.52	5.45	5.45	3831.54	43.85	4
2021-11-01 14:12:48	1	368.49	308.11	238.14	246.66	237.11	5.82	5.72	5.43	5.37	5.36	3822.38	43.87	4
2021-11-01 14:04:53	1	370.83	309.84	233.13	240.41	235.65	6.01	5.90	5.72	5.65	5.65	3964.29	43.25	4
2021-11-01 14:05:23	1	369.05	309.36	233.72	240.41	235.82	6.02	5.89	5.70	5.62	5.62	3947.51	43.30	4
2021-11-01 14:05:38	1	369.83	309.23	233.23	239.92	235.40	6.00	5.89	5.71	5.64	5.61	3942.93	43.31	4
2021-11-01 14:06:06	1	365.83	306.11	234.62	240.65	232.06	6.04	5.93	5.68	5.61	5.61	3933.78	43.38	4
2021-11-01 14:06:27	1	372.44	311.16	233.67	239.80	233.01	5.93	5.81	5.69	5.63	5.61	3923.09	43.27	4
2021-11-01 14:06:43	1	372.00	310.99	234.48	238.70	233.45	5.92	5.81	5.67	5.62	5.59	3916.99	43.46	4
2021-11-01 14:07:10	1	371.56	304.99	238.80	239.11	233.35	5.91	5.91	5.63	5.56	5.55	3904.78	43.33	4
2021-11-01 14:07:36	1	371.05	310.09	239.24	239.53	231.77	5.91	5.80	5.61	5.52	5.53	3900.21	43.43	4
2021-11-01 14:07:57	1	373.98	306.99	238.90	238.50	231.25	5.85	5.85	5.61	5.60	5.54	3892.58	43.48	4
2021-11-01 14:08:13	1	370.29	309.48	238.60	238.38	231.28	5.91	5.80	5.62	5.56	5.53	3889.52	43.49	4
2021-11-01 14:08:40	1	376.64	309.40	239.04	238.72	231.79	5.78	5.80	5.59	5.55	5.51	3878.84	43.50	4
2021-11-01 14:09:06	1	372.81	305.99	240.63	239.36	224.71	5.84	5.84	5.62	5.59	5.57	3874.27	43.57	4
2021-11-01 14:09:31	1	375.69	308.48	239.92	239.21	225.83	5.79	5.80	5.61	5.58	5.55	3871.21	43.54	4
2021-11-01 14:09:55	1	368.32	307.99	236.62	243.39	233.94	5.89	5.79	5.52	5.48	5.46	3862.06	43.60	4
2021-11-01 14:10:18	1	374.71	307.62	237.09	243.39	234.21	5.79	5.79	5.54	5.46	5.45	3862.06	43.62	4
2021-11-01 14:10:40	1	370.98	309.99	237.04	243.56	233.89	5.85	5.74	5.53	5.47	5.47	3863.58	43.62	4
2021-11-01 14:11:04	1	377.40	309.75	235.94	243.68	233.79	5.73	5.74	5.53	5.44	5.46	3855.95	43.68	4
2021-11-01 14:11:22	1	376.98	309.48	235.99	243.95	233.30	5.73	5.74	5.53	5.47	5.44	3851.38	43.74	4
2021-11-01 14:11:36	1	373.35	312.11	236.23	243.92	233.52	5.79	5.68	5.53	5.47	5.46	3848.33	43.73	4
2021-11-01 14:11:59	1	369.39	308.92	232.38	244.68	232.69	5.83	5.73	5.56	5.44	5.45	3830.01	43.75	4
2021-11-01 14:12:13	1	372.64	305.96	232.45	244.49	232.82	5.78	5.78	5.58	5.44	5.44	3831.54	43.76	4
2021-11-01 14:12:42	1	372.00	305.42	232.47	247.73	237.97	5.77	5.76	5.46	5.38	5.38	3817.81	43.85	4
2021-11-01 14:05:05	1	373.83	306.96	232.96	240.58	235.92	5.94	5.94	5.72	5.62	5.62	3952.09	43.34	4
2021-11-01 14:05:25	1	370.17	309.31	233.65	240.34	235.87	6.00	5.90	5.70	5.62	5.62	3949.03	43.29	4
2021-11-01 14:05:48	1	366.22	306.33	233.45	240.38	235.82	6.04	5.93	5.69	5.62	5.62	3939.88	43.27	4
2021-11-01 14:06:08	1	369.32	308.84	234.67	240.68	232.11	6.00	5.88	5.70	5.63	5.63	3935.30	43.37	4
2021-11-01 14:06:20	1	375.86	305.89	234.11	240.09	233.23	5.87	5.93	5.68	5.62	5.60	3927.67	43.39	4
2021-11-01 14:06:53	1	371.76	308.04	238.63	238.24	232.91	5.91	5.86	5.65	5.59	5.57	3912.41	43.38	4
2021-11-01 14:07:16	1	374.79	307.65	238.77	238.87	233.11	5.84	5.85	5.59	5.52	5.51	3900.21	43.37	4
2021-11-01 14:07:38	1	371.03	304.52	238.19	239.16	231.57	5.91	5.91	5.64	5.57	5.55	3898.68	43.45	4
2021-11-01 14:07:59	1	370.61	309.75	239.07	238.75	231.74	5.90	5.80	5.62	5.56	5.54	3891.05	43.48	4
2021-11-01 14:08:35	1	373.35	312.07	238.99	238.70	231.79	5.84	5.73	5.60	5.54	5.52	3877.32	43.50	4
2021-11-01 14:08:56	1	373.03	306.28	240.43	239.31	224.78	5.84	5.84	5.63	5.57	5.57	3877.32	43.56	4
2021-11-01 14:09:23	1	372.47	305.77	240.21	239.48	224.66	5.84	5.84	5.61	5.57	5.55	3871.21	43.55	4
2021-11-01 14:09:43	1	372.05	310.97	237.38	242.87	228.71	5.84	5.73	5.57	5.52	5.51	3862.06	43.61	4
2021-11-01 14:10:05	1	375.10	307.77	236.62	243.46	233.82	5.78	5.79	5.54	5.50	5.47	3862.06	43.62	4
2021-11-01 14:10:12	1	371.54	310.48	236.92	243.29	233.99	5.84	5.74	5.54	5.47	5.47	3862.06	43.62	4
2021-11-01 14:10:22	1	371.17	310.33	236.87	243.41	232.50	5.85	5.74	5.55	5.48	5.48	3863.58	43.60	4
2021-11-01 14:10:34	1	374.52	307.33	236.87	243.36	233.69	5.79	5.80	5.54	5.48	5.48	3865.11	43.70	4
2021-11-01 14:10:45	1	370.83	309.99	237.06	243.27	233.79	5.84	5.74	5.54	5.46	5.47	3860.53	43.73	4
2021-11-01 14:10:58	1	377.42	309.84	236.14	243.31	233.79	5.73	5.74	5.54	5.48	5.47	3857.48	43.67	4
2021-11-01 14:11:45	1	376.54	311.82	236.26	243.90	233.69	5.73	5.68	5.51	5.47	5.45	3845.27	43.74	4
2021-11-01 14:12:03	1	372.74	306.03	232.13	244.83	233.13	5.77	5.77	5.52	5.44	5.45	3828.49	43.77	4
2021-11-01 14:12:25	1	368.80	308.50	233.30	245.93	233.89	5.83	5.73	5.49	5.41	5.43	3828.49	43.87	4
2021-11-01 14:12:52	1	371.78	305.28	238.33	246.59	237.04	5.77	5.76	5.43	5.36	5.35	3819.33	43.87	4
2021-11-01 14:05:07	1	370.51	309.58	232.72	240.36	235.65	6.00	5.89	5.72	5.63	5.62	3947.51	43.29	4
2021-11-01 14:05:13	1	366.92	306.74	233.06	240.16	235.53	6.05	5.94	5.71	5.64	5.62	3949.03	43.34	4
2021-11-01 14:05:27	1	372.37	306.62	233.28	240.07	235.70	5.96	5.94	5.71	5.63	5.64	3949.03	43.30	4
2021-11-01 14:05:34	1	370.03	303.76	233.52	239.95	235.57	6.00	5.99	5.70	5.62	5.62	3945.98	43.35	4
2021-11-01 14:05:50	1	373.00	311.87	233.23	240.36	235.72	5.94	5.82	5.68	5.62	5.60	3938.35	43.26	4
2021-11-01 14:05:56	1	372.95	306.23	233.16	240.31	235.84	5.94	5.94	5.68	5.61	5.61	3938.35	43.37	4
2021-11-01 14:06:12	1	371.29	305.99	234.50	239.99	231.69	5.96	5.93	5.69	5.63	5.62	3930.72	43.40	4
2021-11-01 14:06:16	1	369.17	308.65	234.65	240.58	233.67	5.99	5.87	5.67	5.61	5.60	3930.72	43.37	4
2021-11-01 14:06:35	1	365.31	305.55	234.01	239.97	233.26	6.02	5.92	5.67	5.60	5.59	3918.52	43.37	4
2021-11-01 14:06:39	1	368.78	308.31	234.77	240.60	233.91	5.98	5.87	5.65	5.58	5.57	3918.52	43.39	4
2021-11-01 14:06:55	1	368.51	308.13	238.80	238.50	233.16	5.97	5.86	5.63	5.58	5.55	3912.41	43.36	4
2021-11-01 14:07:01	1	371.59	308.89	238.55	238.19	232.99	5.91	5.84	5.63	5.58	5.56	3909.36	43.46	4
2021-11-01 14:07:42	1	374.27	307.26	238.50	238.99	231.25	5.85	5.86	5.61	5.58	5.55	3895.63	43.45	4
2021-11-01 14:08:21	1	373.61	309.75	238.70	238.24	231.42	5.85	5.80	5.62	5.56	5.55	3891.05	43.42	4
2021-11-01 14:08:44	1	376.59	309.18	238.65	238.09	228.54	5.79	5.80	5.62	5.58	5.56	3880.37	43.51	4
2021-11-01 14:09:04	1	369.44	311.67	240.51	239.33	224.69	5.90	5.74	5.61	5.58	5.56	3875.79	43.55	4
2021-11-01 14:09:29	1	372.39	305.72	239.99	239.36	226.15	5.84	5.84	5.62	5.55	5.55	3871.21	43.51	4
2021-11-01 14:09:51	1	371.86	305.25	236.58	243.24	233.77	5.84	5.83	5.55	5.46	5.47	3862.06	43.58	4
2021-11-01 14:10:01	1	371.64	305.08	236.43	243.36	233.69	5.84	5.83	5.53	5.48	5.47	3860.53	43.62	4
2021-11-01 14:10:26	1	367.68	307.48	236.82	243.19	233.52	5.90	5.80	5.55	5.48	5.48	3865.11	43.63	4
2021-11-01 14:10:47	1	374.32	307.16	237.36	243.02	233.91	5.79	5.80	5.57	5.46	5.45	3859.01	43.64	4
2021-11-01 14:11:08	1	373.93	312.46	236.09	243.78	233.91	5.79	5.68	5.53	5.46	5.46	3854.43	43.74	4
2021-11-01 14:11:28	1	373.49	309.58	236.11	243.78	233.40	5.79	5.74	5.54	5.46	5.46	3851.38	43.74	4
2021-11-01 14:11:43	1	373.22	311.92	235.92	243.58	233.50	5.79	5.68	5.53	5.46	5.45	3843.75	43.74	4
2021-11-01 14:12:11	1	372.69	311.48	232.21	244.71	232.84	5.78	5.67	5.53	5.47	5.47	3830.01	43.83	4
2021-11-01 14:12:34	1	372.20	311.14	233.06	246.17	236.65	5.77	5.67	5.47	5.41	5.41	3826.96	43.84	4
2021-11-01 14:12:46	1	375.30	308.06	233.82	247.66	237.65	5.72	5.72	5.45	5.36	5.37	3822.38	43.88	4
2021-11-01 14:13:06	1	371.39	310.55	241.87	245.17	240.63	5.76	5.66	5.39	5.32	5.29	3819.33	43.86	4
2021-11-01 14:05:09	1	370.44	303.96	233.16	240.75	235.79	6.00	5.99	5.69	5.63	5.62	3949.03	43.29	4
2021-11-01 14:05:29	1	366.58	306.55	233.82	240.14	235.92	6.05	5.95	5.69	5.62	5.62	3947.51	43.35	4
2021-11-01 14:05:52	1	369.49	309.01	232.79	239.99	235.40	6.00	5.88	5.70	5.62	5.62	3936.83	43.32	4
2021-11-01 14:06:14	1	365.58	305.99	234.65	240.31	232.03	6.04	5.93	5.68	5.62	5.62	3927.67	43.33	4
2021-11-01 14:06:37	1	375.49	308.33	234.48	239.99	233.30	5.86	5.87	5.68	5.64	5.59	3918.52	43.34	4
2021-11-01 14:06:59	1	371.78	305.20	239.21	238.80	233.57	5.91	5.91	5.62	5.57	5.55	3910.89	43.36	4
2021-11-01 14:07:20	1	371.37	310.38	238.68	238.87	232.82	5.90	5.80	5.62	5.58	5.54	3901.73	43.41	4
2021-11-01 14:07:22	1	371.29	307.45	238.92	239.31	233.11	5.91	5.86	5.62	5.55	5.54	3900.21	43.45	4
2021-11-01 14:07:50	1	367.39	307.11	238.65	239.04	231.20	5.95	5.85	5.62	5.58	5.55	3894.10	43.42	4
2021-11-01 14:08:07	1	370.46	309.60	239.02	238.70	231.69	5.91	5.80	5.62	5.54	5.54	3892.58	43.49	4
2021-11-01 14:08:25	1	370.10	309.55	238.50	238.19	231.42	5.90	5.80	5.62	5.58	5.54	3889.52	43.49	4
2021-11-01 14:08:52	1	376.37	309.11	240.38	239.33	224.86	5.78	5.80	5.61	5.60	5.57	3877.32	43.50	4
2021-11-01 14:09:14	1	372.56	311.50	240.43	239.19	224.54	5.85	5.74	5.61	5.58	5.57	3874.27	43.52	4
2021-11-01 14:09:16	1	372.66	305.84	240.58	239.07	224.44	5.84	5.84	5.63	5.57	5.56	3872.74	43.51	4
2021-11-01 14:09:45	1	371.98	305.38	236.26	242.80	233.28	5.84	5.83	5.55	5.48	5.48	3862.06	43.59	4
2021-11-01 14:10:03	1	371.51	307.91	236.67	243.51	233.89	5.84	5.79	5.55	5.47	5.47	3862.06	43.62	4
2021-11-01 14:10:24	1	371.17	307.52	236.89	243.44	233.74	5.85	5.80	5.54	5.46	5.47	3862.06	43.65	4
2021-11-01 14:10:49	1	374.18	307.08	237.26	243.14	233.94	5.79	5.80	5.54	5.47	5.48	3860.53	43.69	4
2021-11-01 14:11:12	1	370.39	309.62	235.94	243.66	233.72	5.84	5.74	5.54	5.47	5.47	3854.43	43.72	4
2021-11-01 14:11:30	1	370.00	309.38	236.09	243.80	233.35	5.84	5.74	5.52	5.47	5.46	3851.38	43.74	4
2021-11-01 14:11:41	1	369.88	309.26	235.99	243.56	233.26	5.84	5.74	5.53	5.47	5.46	3846.80	43.70	4
2021-11-01 14:11:51	1	376.37	308.99	236.58	243.63	233.40	5.72	5.73	5.54	5.44	5.42	3840.70	43.77	4
2021-11-01 14:12:01	1	376.23	308.82	232.13	244.75	232.89	5.71	5.73	5.52	5.44	5.45	3826.96	43.85	4
2021-11-01 14:12:50	1	371.73	310.82	238.11	246.63	237.16	5.77	5.66	5.42	5.36	5.35	3820.86	43.87	4
2021-11-01 14:05:11	1	372.61	306.82	233.33	240.73	235.94	5.97	5.94	5.70	5.62	5.62	3950.56	43.29	4
2021-11-01 14:05:40	1	373.15	306.43	233.55	240.24	235.67	5.94	5.94	5.68	5.62	5.61	3942.93	43.31	4
2021-11-01 14:06:04	1	372.54	311.63	234.65	240.65	232.08	5.94	5.82	5.69	5.63	5.62	3936.83	43.34	4
2021-11-01 14:06:25	1	372.37	308.28	233.89	239.95	233.26	5.92	5.88	5.69	5.62	5.61	3926.15	43.37	4
2021-11-01 14:06:47	1	368.49	308.01	234.72	240.09	233.84	5.98	5.87	5.67	5.59	5.59	3915.47	43.37	4
2021-11-01 14:07:05	1	368.19	307.89	238.94	238.53	233.48	5.96	5.85	5.64	5.57	5.55	3906.31	43.38	4
2021-11-01 14:07:30	1	371.22	310.23	238.77	239.14	231.23	5.91	5.80	5.62	5.57	5.55	3903.26	43.48	4
2021-11-01 14:07:46	1	370.88	310.01	238.63	239.04	231.20	5.91	5.80	5.62	5.57	5.55	3897.15	43.46	4
2021-11-01 14:07:53	1	370.73	309.79	238.50	238.99	231.20	5.91	5.80	5.62	5.58	5.55	3894.10	43.42	4
2021-11-01 14:08:03	1	373.88	306.87	239.21	238.92	231.86	5.85	5.85	5.61	5.55	5.54	3892.58	43.40	4
2021-11-01 14:08:29	1	373.47	306.62	238.77	238.60	231.52	5.84	5.84	5.61	5.55	5.53	3883.42	43.42	4
2021-11-01 14:08:48	1	373.03	311.89	239.38	238.43	229.20	5.84	5.73	5.60	5.54	5.54	3875.79	43.50	4
2021-11-01 14:09:12	1	376.10	308.84	240.65	239.26	224.69	5.79	5.79	5.61	5.59	5.55	3871.21	43.50	4
2021-11-01 14:09:20	1	369.22	308.57	240.48	239.38	224.44	5.90	5.80	5.62	5.57	5.56	3874.27	43.56	4
2021-11-01 14:09:35	1	372.20	305.55	235.48	240.58	226.74	5.84	5.84	5.62	5.58	5.55	3866.64	43.57	4
2021-11-01 14:09:53	1	371.86	310.82	236.92	243.27	233.87	5.84	5.73	5.53	5.48	5.46	3863.58	43.53	4
2021-11-01 14:10:14	1	371.39	304.86	236.87	243.31	233.96	5.84	5.84	5.54	5.46	5.46	3862.06	43.60	4
2021-11-01 14:10:38	1	377.79	304.50	237.21	243.66	234.09	5.73	5.84	5.52	5.46	5.46	3862.06	43.63	4
2021-11-01 14:11:00	1	374.00	306.94	236.09	243.73	234.09	5.79	5.80	5.53	5.46	5.45	3857.48	43.67	4
2021-11-01 14:11:06	1	370.54	309.67	236.31	243.61	233.79	5.84	5.74	5.56	5.44	5.45	3855.95	43.71	4
2021-11-01 14:11:18	1	373.81	306.87	236.06	244.10	233.30	5.79	5.79	5.53	5.44	5.47	3852.90	43.68	4
2021-11-01 14:11:26	1	373.59	306.60	235.97	243.51	232.96	5.79	5.79	5.54	5.46	5.47	3851.38	43.71	4
2021-11-01 14:12:05	1	372.78	311.67	232.25	244.83	232.99	5.77	5.66	5.53	5.44	5.46	3826.96	43.78	4
2021-11-01 14:12:23	1	372.37	307.60	232.91	245.58	233.60	5.78	5.75	5.51	5.44	5.44	3830.01	43.83	4
2021-11-01 14:12:40	1	375.42	310.99	234.35	248.05	238.16	5.71	5.66	5.44	5.34	5.36	3820.86	43.85	4
2021-11-01 14:13:00	1	371.49	310.72	238.65	246.78	237.26	5.77	5.66	5.42	5.37	5.34	3819.33	43.93	4
2021-11-01 14:05:17	1	370.29	309.43	233.99	241.12	236.45	6.00	5.89	5.69	5.60	5.61	3950.56	43.31	4
2021-11-01 14:05:46	1	369.66	309.23	233.50	239.73	235.26	6.00	5.88	5.74	5.61	5.61	3942.93	43.28	4
2021-11-01 14:06:10	1	369.12	308.79	234.23	240.26	231.82	5.99	5.88	5.70	5.63	5.62	3932.25	43.41	4
2021-11-01 14:06:29	1	368.95	308.43	233.89	239.68	233.06	5.98	5.87	5.68	5.61	5.60	3921.57	43.41	4
2021-11-01 14:06:41	1	371.91	305.45	233.77	239.58	233.01	5.93	5.92	5.68	5.61	5.60	3918.52	43.38	4
2021-11-01 14:07:03	1	374.96	307.84	239.09	238.72	233.62	5.85	5.86	5.61	5.56	5.54	3907.84	43.42	4
2021-11-01 14:07:24	1	367.90	307.55	238.77	239.26	231.50	5.95	5.85	5.63	5.58	5.55	3900.21	43.38	4
2021-11-01 14:07:32	1	374.59	307.38	238.97	239.26	231.33	5.85	5.86	5.62	5.55	5.55	3900.21	43.39	4
2021-11-01 14:07:44	1	370.78	304.47	238.55	239.09	231.28	5.91	5.90	5.61	5.57	5.55	3895.63	43.42	4
2021-11-01 14:08:09	1	373.74	306.96	238.85	238.75	231.60	5.86	5.86	5.62	5.58	5.55	3894.10	43.46	4
2021-11-01 14:08:27	1	373.52	312.24	238.53	238.28	231.33	5.84	5.74	5.61	5.55	5.53	3884.95	43.39	4
2021-11-01 14:08:50	1	366.09	306.30	240.26	239.16	225.05	5.94	5.84	5.61	5.56	5.55	3872.74	43.54	4
2021-11-01 14:09:10	1	369.32	308.74	240.56	239.29	224.64	5.89	5.79	5.61	5.59	5.56	3874.27	43.53	4
2021-11-01 14:09:33	1	368.80	308.35	235.40	240.46	226.59	5.90	5.80	5.63	5.59	5.57	3866.64	43.61	4
2021-11-01 14:09:57	1	375.13	307.96	236.72	243.51	234.06	5.78	5.79	5.54	5.47	5.47	3863.58	43.57	4
2021-11-01 14:10:16	1	367.95	307.62	237.11	243.27	233.94	5.89	5.79	5.53	5.48	5.46	3863.58	43.62	4
2021-11-01 14:10:36	1	367.46	307.38	237.33	243.51	233.99	5.90	5.80	5.53	5.47	5.45	3862.06	43.69	4
2021-11-01 14:11:02	1	374.05	312.55	236.06	243.63	233.91	5.79	5.69	5.54	5.48	5.46	3857.48	43.67	4
2021-11-01 14:11:20	1	370.34	309.45	235.79	243.80	233.06	5.84	5.74	5.54	5.46	5.46	3852.90	43.73	4
2021-11-01 14:11:32	1	376.86	312.04	236.06	243.75	233.38	5.73	5.69	5.52	5.46	5.45	3849.85	43.74	4
2021-11-01 14:11:53	1	369.54	307.13	231.91	244.88	234.09	5.83	5.76	5.52	5.45	5.46	3836.12	43.75	4
2021-11-01 14:12:07	1	376.06	308.79	232.18	244.73	232.99	5.72	5.73	5.52	5.45	5.46	3828.49	43.80	4
2021-11-01 14:12:30	1	372.15	305.62	232.67	245.93	236.43	5.78	5.78	5.49	5.41	5.40	3830.01	43.79	4
2021-11-01 14:12:36	1	374.30	308.28	233.06	246.34	236.70	5.74	5.73	5.47	5.44	5.40	3822.38	43.84	4
2021-11-01 14:12:56	1	375.01	307.94	238.55	246.59	237.04	5.71	5.72	5.42	5.37	5.34	3817.81	43.87	4
2021-11-01 14:13:04	1	368.02	307.84	242.95	245.54	236.33	5.82	5.72	5.40	5.35	5.32	3817.81	43.80	4
2021-11-01 14:05:15	1	370.42	303.96	233.45	240.48	235.97	6.00	5.99	5.70	5.63	5.61	3950.56	43.25	4
2021-11-01 14:05:42	1	366.29	311.92	233.60	240.21	235.72	6.05	5.82	5.69	5.62	5.61	3939.88	43.29	4
2021-11-01 14:06:00	1	369.32	308.94	234.11	241.09	236.65	5.99	5.88	5.67	5.61	5.60	3939.88	43.29	4
2021-11-01 14:06:31	1	368.71	308.38	233.74	239.65	233.08	5.98	5.87	5.69	5.63	5.61	3924.62	43.37	4
2021-11-01 14:06:51	1	371.78	310.82	238.90	238.58	233.23	5.91	5.80	5.62	5.58	5.56	3913.94	43.42	4
2021-11-01 14:07:14	1	369.15	307.72	238.65	238.60	232.84	5.94	5.85	5.63	5.57	5.55	3903.26	43.38	4
2021-11-01 14:07:40	1	367.58	307.30	238.55	239.02	231.25	5.95	5.86	5.62	5.58	5.55	3897.15	43.43	4
2021-11-01 14:08:17	1	370.22	312.33	238.58	238.26	231.35	5.91	5.74	5.62	5.58	5.55	3892.58	43.51	4
2021-11-01 14:08:37	1	373.37	306.50	238.80	238.60	231.57	5.84	5.84	5.59	5.54	5.53	3877.32	43.50	4
2021-11-01 14:09:00	1	369.66	308.94	240.63	239.58	225.00	5.89	5.80	5.61	5.57	5.56	3875.79	43.58	4
2021-11-01 14:09:27	1	372.34	311.31	240.07	239.48	226.13	5.85	5.74	5.61	5.57	5.55	3872.74	43.52	4
2021-11-01 14:09:47	1	375.37	308.21	236.50	242.95	233.43	5.79	5.79	5.55	5.48	5.48	3865.11	43.62	4
2021-11-01 14:10:08	1	368.12	305.16	236.48	243.51	233.65	5.89	5.84	5.53	5.48	5.47	3862.06	43.62	4
2021-11-01 14:10:30	1	377.94	304.52	236.80	243.17	233.52	5.73	5.85	5.53	5.48	5.46	3862.06	43.65	4
2021-11-01 14:10:54	1	377.64	309.82	237.11	243.29	233.99	5.73	5.74	5.52	5.47	5.45	3855.95	43.73	4
2021-11-01 14:11:14	1	377.25	309.65	235.79	243.56	233.77	5.73	5.74	5.54	5.49	5.46	3851.38	43.68	4
2021-11-01 14:11:38	1	376.71	309.23	236.09	243.68	233.38	5.73	5.74	5.51	5.44	5.45	3846.80	43.69	4
2021-11-01 14:11:57	1	372.95	306.08	231.96	244.53	233.89	5.77	5.78	5.52	5.46	5.45	3831.54	43.76	4
2021-11-01 14:12:17	1	375.93	308.60	232.40	244.97	233.04	5.73	5.73	5.55	5.48	5.46	3831.54	43.80	4
2021-11-01 14:12:32	1	372.15	311.21	232.89	246.15	236.53	5.78	5.67	5.48	5.43	5.41	3828.49	43.79	4
2021-11-01 14:12:44	1	371.91	310.94	233.91	247.68	237.70	5.77	5.66	5.46	5.38	5.37	3820.86	43.89	4
2021-11-01 14:12:54	1	368.27	307.99	238.50	246.56	236.97	5.82	5.72	5.43	5.34	5.34	3819.33	43.87	4
2021-11-01 14:05:19	1	367.95	306.55	233.55	240.70	236.01	6.04	5.95	5.71	5.63	5.61	3950.56	43.30	4
2021-11-01 14:05:36	1	369.95	311.97	233.62	240.09	235.72	6.00	5.83	5.69	5.62	5.61	3945.98	43.30	4
2021-11-01 14:06:02	1	369.24	308.89	234.38	240.43	231.79	6.00	5.88	5.70	5.63	5.63	3936.83	43.36	4
2021-11-01 14:06:18	1	369.02	308.65	234.16	240.12	233.18	5.98	5.87	5.69	5.62	5.61	3929.20	43.38	4
2021-11-01 14:06:45	1	368.51	308.13	234.18	239.48	233.18	5.98	5.87	5.67	5.60	5.60	3918.52	43.36	4
2021-11-01 14:07:08	1	371.56	310.55	238.80	238.75	233.45	5.91	5.80	5.62	5.56	5.54	3904.78	43.40	4
2021-11-01 14:07:26	1	374.62	307.52	238.26	238.68	230.96	5.85	5.85	5.64	5.57	5.56	3900.21	43.46	4
2021-11-01 14:08:01	1	373.93	306.91	238.82	238.53	231.45	5.85	5.85	5.62	5.59	5.54	3891.05	43.49	4
2021-11-01 14:08:19	1	373.66	306.77	238.60	238.24	231.45	5.85	5.86	5.63	5.56	5.55	3892.58	43.39	4
2021-11-01 14:08:42	1	369.93	309.28	239.16	238.97	232.01	5.89	5.80	5.59	5.54	5.52	3880.37	43.50	4
2021-11-01 14:09:02	1	376.30	308.94	240.82	239.58	224.86	5.79	5.80	5.61	5.58	5.55	3874.27	43.55	4
2021-11-01 14:09:18	1	375.96	308.67	240.58	239.75	224.71	5.79	5.80	5.60	5.58	5.55	3872.74	43.50	4
2021-11-01 14:09:37	1	372.08	311.09	238.04	242.90	229.15	5.84	5.73	5.56	5.52	5.52	3865.11	43.57	4
2021-11-01 14:09:39	1	368.66	308.21	237.14	242.19	228.42	5.88	5.78	5.58	5.53	5.52	3862.06	43.61	4
2021-11-01 14:09:49	1	368.54	308.09	234.60	243.49	234.28	5.88	5.79	5.55	5.51	5.48	3863.58	43.60	4
2021-11-01 14:10:32	1	371.00	310.16	236.72	243.31	233.67	5.85	5.75	5.56	5.48	5.48	3866.64	43.72	4
2021-11-01 14:10:56	1	367.19	307.08	237.36	243.22	233.99	5.89	5.79	5.52	5.45	5.46	3855.95	43.74	4
2021-11-01 14:11:24	1	370.24	312.19	236.09	244.02	233.33	5.84	5.69	5.54	5.47	5.47	3852.90	43.72	4
2021-11-01 14:11:49	1	373.05	311.80	236.16	243.78	233.50	5.78	5.68	5.51	5.46	5.44	3842.22	43.74	4
2021-11-01 14:12:15	1	370.44	308.67	232.25	244.68	232.91	5.81	5.73	5.53	5.47	5.46	3833.07	43.82	4
2021-11-01 14:12:38	1	368.61	308.35	233.65	247.10	237.38	5.81	5.72	5.45	5.38	5.38	3820.86	43.87	4
2021-11-01 14:12:58	1	371.59	305.08	238.63	246.61	237.24	5.77	5.76	5.43	5.36	5.35	3817.81	43.87	4
2021-11-01 14:05:31	1	370.10	309.38	233.89	240.24	236.01	6.00	5.89	5.71	5.62	5.62	3949.03	43.26	4
2021-11-01 14:05:54	1	369.51	309.11	233.23	240.38	236.09	5.99	5.88	5.68	5.62	5.61	3938.35	43.36	4
2021-11-01 14:06:33	1	372.20	311.09	234.23	240.07	233.45	5.92	5.81	5.68	5.61	5.60	3923.09	43.37	4
2021-11-01 14:06:57	1	370.59	310.65	238.90	238.38	233.08	5.93	5.80	5.65	5.55	5.55	3909.36	43.39	4
2021-11-01 14:07:18	1	368.00	304.86	238.65	238.85	232.89	5.95	5.90	5.62	5.55	5.54	3900.21	43.37	4
2021-11-01 14:07:34	1	367.63	307.43	239.04	239.31	231.52	5.96	5.85	5.62	5.57	5.55	3898.68	43.43	4
2021-11-01 14:07:55	1	370.66	304.23	238.94	238.65	231.40	5.90	5.90	5.60	5.56	5.53	3891.05	43.44	4
2021-11-01 14:08:15	1	370.27	309.62	238.58	238.65	231.38	5.91	5.80	5.62	5.60	5.55	3894.10	43.48	4
2021-11-01 14:08:33	1	369.98	309.38	238.97	238.68	231.69	5.89	5.79	5.60	5.53	5.51	3880.37	43.53	4
2021-11-01 14:08:58	1	372.86	311.75	240.87	239.38	225.00	5.85	5.74	5.62	5.58	5.55	3877.32	43.48	4
2021-11-01 14:09:25	1	372.39	311.36	240.14	239.43	224.61	5.85	5.74	5.62	5.56	5.56	3872.74	43.55	4
2021-11-01 14:09:41	1	375.45	308.23	237.02	242.87	228.62	5.78	5.78	5.58	5.51	5.51	3862.06	43.52	4
2021-11-01 14:10:10	1	371.56	310.53	236.75	243.36	233.87	5.84	5.74	5.54	5.46	5.47	3863.58	43.62	4
2021-11-01 14:10:28	1	374.52	310.16	236.65	242.75	233.11	5.79	5.75	5.58	5.47	5.47	3865.11	43.64	4
2021-11-01 14:10:51	1	370.78	309.87	237.14	243.36	234.09	5.84	5.74	5.53	5.47	5.46	3857.48	43.64	4
2021-11-01 14:11:10	1	373.81	306.91	235.92	243.80	233.60	5.79	5.79	5.55	5.46	5.46	3854.43	43.63	4
2021-11-01 14:11:47	1	373.13	306.30	235.94	243.53	233.21	5.79	5.79	5.53	5.47	5.44	3843.75	43.74	4
2021-11-01 14:12:09	1	369.24	308.84	232.18	244.68	232.86	5.82	5.73	5.53	5.47	5.46	3830.01	43.86	4
2021-11-01 14:12:21	1	372.49	311.36	232.99	245.22	233.38	5.78	5.68	5.57	5.45	5.44	3831.54	43.76	4
2021-11-01 14:12:27	1	375.71	308.43	233.30	246.02	234.01	5.72	5.73	5.50	5.44	5.42	3830.01	43.83	4
2021-11-01 14:13:02	1	374.91	307.84	238.80	246.68	236.97	5.71	5.72	5.42	5.33	5.34	3816.28	43.88	4
2021-10-31 17:26:21	3	374.88	307.30	233.13	239.87	229.45	0.32	0.40	0.34	0.33	0.35	239.57	36.04	4
2021-10-31 17:26:35	3	373.71	306.16	233.35	237.72	235.33	0.32	0.40	0.34	0.34	0.34	239.57	35.98	4
2021-10-31 17:26:17	3	360.80	320.02	233.55	240.14	229.52	0.34	0.36	0.34	0.33	0.34	238.04	35.97	4
2021-10-31 17:26:25	3	374.64	307.08	233.60	240.04	229.72	0.32	0.40	0.34	0.33	0.34	239.57	36.03	4
2021-10-31 17:26:29	3	374.30	306.69	232.99	238.97	234.57	0.32	0.40	0.34	0.34	0.34	241.09	35.99	4
2021-10-31 17:26:37	3	373.54	306.06	233.18	237.70	235.14	0.32	0.40	0.34	0.34	0.34	239.57	35.99	4
2021-10-31 17:26:12	3	368.46	314.12	234.16	240.70	230.18	0.33	0.38	0.34	0.33	0.35	241.09	36.07	4
2021-10-31 17:26:15	3	375.54	307.70	233.74	240.26	229.74	0.32	0.40	0.34	0.33	0.34	239.57	35.94	4
2021-10-31 17:26:39	3	365.97	311.94	233.45	237.89	235.48	0.33	0.38	0.34	0.33	0.34	239.57	35.94	4
2021-10-31 17:26:19	3	360.50	319.73	233.33	240.12	229.57	0.34	0.36	0.34	0.33	0.34	238.04	35.99	4
2021-10-31 17:26:41	3	380.62	299.71	232.89	238.99	234.70	0.31	0.42	0.34	0.33	0.34	238.04	35.92	4
2021-10-31 17:26:43	3	372.95	305.55	233.11	239.26	234.84	0.32	0.40	0.34	0.33	0.34	239.57	35.99	4
2021-10-31 17:26:45	3	372.78	305.45	232.94	239.07	234.65	0.32	0.40	0.34	0.33	0.34	238.04	36.05	4
2021-10-31 17:26:47	3	380.01	311.38	233.04	239.26	234.67	0.31	0.39	0.34	0.33	0.34	238.04	35.94	4
2021-10-31 17:26:49	3	365.09	311.26	232.91	239.26	234.57	0.33	0.38	0.34	0.33	0.34	238.04	35.90	4
2021-10-31 17:26:51	3	372.22	304.99	232.91	239.26	234.57	0.32	0.40	0.34	0.33	0.34	238.04	35.98	4
2021-10-31 17:26:54	3	372.00	317.17	232.86	239.48	234.87	0.33	0.38	0.34	0.33	0.34	238.04	35.99	4
2021-10-31 17:27:00	3	378.84	310.41	233.01	239.24	234.74	0.31	0.39	0.34	0.33	0.34	238.04	35.98	4
2021-10-31 17:26:58	3	364.29	304.47	232.96	239.21	234.65	0.33	0.40	0.34	0.33	0.34	238.04	35.89	4
2021-10-31 17:26:56	3	371.73	316.95	232.94	239.21	234.48	0.33	0.38	0.34	0.33	0.34	238.04	35.95	4
2021-10-31 17:27:02	3	371.15	310.33	233.62	236.43	235.36	0.32	0.38	0.34	0.33	0.33	236.51	36.03	4
2021-10-31 17:27:04	3	371.05	304.01	233.50	237.50	234.87	0.32	0.40	0.34	0.33	0.34	238.04	35.96	4
2021-10-31 17:27:08	3	363.34	309.84	233.50	237.60	234.87	0.33	0.38	0.34	0.33	0.33	236.51	36.01	4
2021-10-31 17:27:10	3	370.39	309.67	233.62	237.75	235.04	0.32	0.38	0.34	0.33	0.33	236.51	36.04	4
2021-10-31 17:27:06	3	378.18	303.91	233.67	237.67	235.01	0.31	0.40	0.34	0.33	0.33	236.51	35.91	4
2021-10-31 17:27:12	3	370.29	303.37	233.77	237.65	235.09	0.32	0.40	0.34	0.33	0.33	236.51	35.98	4
2021-10-31 17:27:14	3	377.47	315.53	233.67	237.72	235.01	0.32	0.38	0.34	0.33	0.34	238.04	35.99	4
2021-10-31 17:27:16	3	362.73	309.18	233.57	237.67	235.01	0.33	0.38	0.34	0.33	0.33	236.51	35.93	4
2021-10-31 17:27:22	3	362.02	302.74	233.45	237.60	235.18	0.33	0.40	0.34	0.33	0.33	236.51	35.92	4
2021-10-31 17:27:18	3	369.73	309.09	232.43	237.77	235.18	0.32	0.39	0.34	0.33	0.33	236.51	35.99	4
2021-10-31 17:27:26	3	368.98	313.33	233.23	237.50	235.06	0.33	0.38	0.34	0.33	0.33	236.51	35.98	4
2021-10-31 17:27:28	3	368.90	302.25	234.11	238.41	236.06	0.32	0.40	0.34	0.33	0.34	238.04	35.99	4
2021-10-31 17:27:24	3	376.62	308.60	233.33	237.72	235.40	0.31	0.39	0.34	0.33	0.33	236.51	35.95	4
2021-10-31 17:27:20	3	369.51	315.04	233.62	237.99	235.43	0.33	0.38	0.34	0.33	0.33	236.51	35.96	4
2021-10-31 17:27:30	3	375.96	314.34	233.99	238.19	235.97	0.32	0.38	0.34	0.33	0.33	236.51	35.99	4
2021-10-31 17:27:35	3	368.29	307.91	233.89	238.28	235.84	0.32	0.39	0.34	0.33	0.33	236.51	35.96	4
2021-10-31 17:27:32	3	375.91	308.06	234.01	238.36	235.94	0.31	0.40	0.34	0.33	0.34	238.04	35.96	4
2021-10-31 17:27:37	3	360.80	307.65	233.84	238.36	235.99	0.33	0.39	0.34	0.33	0.33	236.51	35.92	4
2021-10-31 17:27:39	3	367.83	301.40	234.40	238.55	234.89	0.32	0.40	0.34	0.33	0.33	236.51	35.94	4
2021-10-31 17:27:41	3	367.66	313.43	234.65	238.97	235.26	0.33	0.38	0.34	0.33	0.33	236.51	35.90	4
2021-10-31 17:27:43	3	360.19	307.16	235.43	236.87	235.55	0.33	0.39	0.33	0.33	0.33	236.51	35.91	4
2021-10-31 17:27:45	3	374.69	307.01	234.96	238.58	232.33	0.31	0.39	0.33	0.33	0.34	236.51	35.91	4
2021-10-31 17:27:47	3	367.14	312.97	234.50	238.16	234.23	0.33	0.38	0.34	0.33	0.34	236.51	35.88	4
2021-10-31 17:27:49	3	366.90	300.71	234.33	237.92	234.04	0.32	0.40	0.34	0.33	0.34	236.51	35.91	4
2021-10-31 17:27:51	3	374.03	306.52	233.82	237.75	234.06	0.31	0.40	0.34	0.33	0.34	236.51	35.92	4
2021-10-31 17:27:53	3	359.33	306.45	234.13	237.99	234.38	0.33	0.39	0.33	0.33	0.33	234.99	35.89	4
2021-10-31 17:27:57	3	366.19	300.13	234.87	238.72	234.89	0.32	0.40	0.33	0.33	0.33	236.51	35.88	4
2021-10-31 17:28:26	3	370.88	298.15	234.89	237.50	235.94	0.31	0.41	0.33	0.33	0.33	236.51	35.93	4
2021-10-31 17:28:44	3	369.27	302.59	234.31	238.11	235.11	0.32	0.40	0.34	0.33	0.33	236.51	35.93	4
2021-10-31 17:29:05	3	367.41	301.08	233.57	237.11	235.09	0.32	0.40	0.33	0.33	0.33	234.99	35.91	4
2021-10-31 17:29:27	3	365.41	299.44	233.45	237.31	234.01	0.32	0.40	0.33	0.33	0.33	234.99	35.87	4
2021-10-31 17:29:48	3	363.53	297.88	234.99	239.68	227.69	0.32	0.40	0.33	0.32	0.34	231.94	35.87	4
2021-10-31 17:30:10	3	368.83	314.46	233.21	238.43	229.35	0.32	0.37	0.33	0.32	0.34	231.94	35.86	4
2021-10-31 17:30:33	3	374.05	306.57	233.43	239.38	228.47	0.31	0.38	0.33	0.32	0.34	230.41	35.86	4
2021-10-31 17:30:53	3	364.92	311.21	233.69	238.14	228.98	0.32	0.37	0.32	0.32	0.33	228.89	35.84	4
2021-10-31 17:31:16	3	370.10	309.48	234.18	239.70	226.61	0.31	0.37	0.32	0.31	0.33	227.36	35.81	4
2021-10-31 17:31:38	3	360.82	307.77	233.08	238.50	227.27	0.32	0.37	0.32	0.31	0.33	225.83	35.78	4
2021-10-31 17:32:01	3	366.02	312.16	233.06	239.48	224.17	0.31	0.36	0.32	0.31	0.33	222.78	35.80	4
2021-10-31 17:32:21	3	371.51	304.45	233.08	237.67	223.78	0.30	0.37	0.31	0.31	0.33	221.26	35.79	4
2021-10-31 17:32:44	3	369.46	302.93	234.18	239.46	221.54	0.30	0.37	0.31	0.31	0.33	219.73	35.75	4
2021-10-31 17:32:50	3	368.93	314.58	233.89	239.14	221.17	0.30	0.35	0.31	0.31	0.33	219.73	35.79	4
2021-10-31 17:33:05	3	375.08	307.43	234.45	238.38	222.15	0.29	0.37	0.31	0.31	0.33	219.73	35.69	4
2021-10-31 17:33:31	3	358.01	317.68	235.14	239.92	224.86	0.32	0.34	0.31	0.31	0.32	219.73	35.75	4
2021-10-31 17:33:48	3	363.70	310.26	235.97	241.41	227.81	0.31	0.37	0.31	0.31	0.33	224.31	35.76	4
2021-10-31 17:34:12	3	361.60	308.45	236.01	241.26	227.96	0.31	0.36	0.31	0.31	0.32	222.78	35.71	4
2021-10-31 17:34:37	3	373.88	306.50	235.65	239.77	229.35	0.30	0.37	0.31	0.31	0.32	222.78	35.71	4
2021-10-31 17:34:55	3	372.20	305.11	237.55	241.41	224.61	0.30	0.37	0.31	0.31	0.33	222.78	35.72	4
2021-10-31 17:35:20	3	362.65	309.43	236.14	238.85	230.72	0.31	0.36	0.31	0.31	0.32	221.26	35.71	4
2021-10-31 17:35:38	3	368.24	301.93	236.06	240.48	231.25	0.30	0.38	0.31	0.31	0.32	221.26	35.63	4
2021-10-31 17:36:01	3	358.89	306.21	236.40	240.12	229.67	0.31	0.35	0.30	0.30	0.31	215.15	35.59	4
2021-10-31 17:36:17	3	371.93	304.11	233.01	237.24	227.13	0.28	0.35	0.30	0.29	0.31	210.57	35.67	4
2021-10-31 17:27:55	3	381.13	312.36	234.16	238.50	234.74	0.31	0.39	0.34	0.33	0.34	236.51	35.93	4
2021-10-31 17:28:18	3	371.54	310.75	234.45	238.92	235.55	0.32	0.38	0.34	0.33	0.33	236.51	35.91	4
2021-10-31 17:28:38	3	362.55	315.26	234.23	236.70	236.38	0.34	0.37	0.34	0.33	0.33	236.51	35.92	4
2021-10-31 17:28:55	3	361.97	301.96	233.79	237.48	234.50	0.33	0.39	0.33	0.33	0.33	234.99	35.96	4
2021-10-31 17:29:17	3	359.11	306.21	234.09	235.75	234.35	0.33	0.39	0.33	0.33	0.33	234.99	35.93	4
2021-10-31 17:29:40	3	364.21	310.58	234.94	239.24	228.20	0.33	0.38	0.33	0.32	0.34	233.46	35.79	4
2021-10-31 17:30:04	3	362.02	308.72	233.33	238.43	229.30	0.33	0.38	0.33	0.32	0.34	231.94	35.88	4
2021-10-31 17:30:23	3	367.66	313.43	233.40	239.92	228.81	0.32	0.37	0.33	0.32	0.34	231.94	35.78	4
2021-10-31 17:30:49	3	358.06	317.66	233.89	238.31	229.13	0.34	0.35	0.32	0.32	0.33	228.89	35.76	4
2021-10-31 17:31:04	3	378.67	304.28	234.06	239.75	226.35	0.30	0.39	0.32	0.32	0.34	228.89	35.76	4
2021-10-31 17:31:22	3	362.33	308.92	233.11	239.75	226.81	0.31	0.37	0.32	0.31	0.33	225.83	35.77	4
2021-10-31 17:31:49	3	374.47	306.94	232.89	239.63	226.86	0.30	0.38	0.32	0.31	0.33	225.83	35.75	4
2021-10-31 17:32:09	3	380.08	299.52	233.48	238.26	224.39	0.29	0.38	0.32	0.31	0.33	222.78	35.81	4
2021-10-31 17:32:34	3	370.37	303.59	233.84	239.38	221.37	0.30	0.37	0.31	0.31	0.33	219.73	35.71	4
2021-10-31 17:32:56	3	361.11	296.05	233.94	239.55	221.24	0.31	0.38	0.31	0.30	0.33	218.20	35.77	4
2021-10-31 17:33:19	3	366.27	312.41	233.74	238.04	222.95	0.31	0.35	0.31	0.31	0.33	219.73	35.72	4
2021-10-31 17:33:39	3	371.76	304.84	235.06	240.58	228.35	0.30	0.38	0.32	0.31	0.33	224.31	35.69	4
2021-10-31 17:34:00	3	369.88	303.25	236.06	239.85	227.81	0.30	0.38	0.31	0.31	0.33	224.31	35.74	4
2021-10-31 17:34:23	3	375.13	307.62	235.65	241.24	227.84	0.30	0.37	0.31	0.31	0.33	224.31	35.74	4
2021-10-31 17:34:51	3	365.22	299.44	237.55	241.34	224.73	0.31	0.38	0.31	0.31	0.33	222.78	35.74	4
2021-10-31 17:35:10	3	378.30	310.11	235.70	240.29	230.98	0.29	0.37	0.31	0.31	0.32	222.78	35.67	4
2021-10-31 17:35:30	3	369.07	314.78	236.43	240.56	230.40	0.30	0.35	0.31	0.30	0.31	218.20	35.65	4
2021-10-31 17:35:49	3	367.19	313.29	236.43	240.68	230.37	0.31	0.35	0.31	0.30	0.32	219.73	35.67	4
2021-10-31 17:36:07	3	351.32	299.81	233.99	238.16	228.64	0.31	0.36	0.30	0.30	0.31	213.63	35.68	4
2021-10-31 17:36:28	3	349.52	298.30	232.91	235.67	227.08	0.30	0.35	0.30	0.29	0.30	207.52	35.64	4
2021-10-31 17:36:34	3	363.14	297.76	232.67	237.26	226.69	0.29	0.36	0.30	0.29	0.31	210.57	35.61	4
2021-10-31 17:27:59	3	373.37	305.94	235.28	238.99	235.48	0.32	0.40	0.34	0.33	0.34	238.04	35.85	4
2021-10-31 17:28:20	3	357.01	316.68	234.62	238.70	235.43	0.34	0.37	0.33	0.33	0.33	234.99	35.91	4
2021-10-31 17:28:57	3	368.17	301.64	233.60	237.19	234.33	0.32	0.40	0.33	0.33	0.33	234.99	35.84	4
2021-10-31 17:29:19	3	366.09	312.09	233.84	236.62	234.23	0.33	0.38	0.33	0.33	0.33	234.99	35.90	4
2021-10-31 17:29:44	3	371.10	304.13	235.09	239.73	227.84	0.31	0.39	0.33	0.32	0.34	231.94	35.84	4
2021-10-31 17:30:02	3	369.59	302.86	233.23	238.24	229.13	0.31	0.39	0.33	0.32	0.34	231.94	35.92	4
2021-10-31 17:30:27	3	374.64	307.04	233.52	240.02	228.86	0.31	0.39	0.33	0.32	0.34	231.94	35.79	4
2021-10-31 17:30:45	3	365.63	311.70	233.79	238.28	229.01	0.32	0.37	0.32	0.32	0.33	228.89	35.87	4
2021-10-31 17:31:06	3	363.85	310.19	234.28	240.02	226.54	0.32	0.37	0.32	0.32	0.34	228.89	35.88	4
2021-10-31 17:31:26	3	369.29	314.87	233.04	238.53	227.25	0.31	0.36	0.32	0.31	0.33	225.83	35.75	4
2021-10-31 17:31:53	3	366.73	312.80	233.79	240.14	224.17	0.31	0.36	0.32	0.31	0.33	222.78	35.75	4
2021-10-31 17:32:11	3	365.19	311.43	233.33	237.99	224.34	0.31	0.35	0.31	0.31	0.33	221.26	35.84	4
2021-10-31 17:32:38	3	362.70	309.36	234.13	239.38	221.32	0.31	0.36	0.31	0.31	0.33	219.73	35.75	4
2021-10-31 17:32:54	3	361.33	308.13	234.09	239.38	221.39	0.31	0.36	0.31	0.31	0.33	219.73	35.71	4
2021-10-31 17:33:21	3	373.39	306.16	233.57	237.89	223.05	0.29	0.37	0.31	0.31	0.33	219.73	35.65	4
2021-10-31 17:33:41	3	364.26	310.70	235.36	240.82	227.32	0.31	0.36	0.32	0.31	0.33	224.31	35.70	4
2021-10-31 17:34:02	3	377.11	309.14	236.09	239.80	228.15	0.29	0.37	0.31	0.31	0.32	222.78	35.77	4
2021-10-31 17:34:29	3	374.57	307.08	235.77	241.04	227.86	0.30	0.38	0.31	0.31	0.33	224.31	35.64	4
2021-10-31 17:34:45	3	373.08	305.91	236.62	241.41	224.71	0.30	0.37	0.31	0.31	0.33	222.78	35.68	4
2021-10-31 17:35:12	3	363.36	309.99	235.94	240.46	230.08	0.31	0.36	0.31	0.31	0.32	224.31	35.70	4
2021-10-31 17:35:32	3	368.80	302.45	236.38	240.51	230.20	0.30	0.38	0.31	0.31	0.32	221.26	35.68	4
2021-10-31 17:35:53	3	359.70	306.87	236.62	240.63	230.42	0.31	0.36	0.31	0.30	0.32	219.73	35.66	4
2021-10-31 17:36:19	3	357.33	317.19	232.69	236.43	226.79	0.31	0.32	0.30	0.30	0.31	210.57	35.62	4
2021-10-31 17:28:01	3	373.20	305.79	234.55	238.31	236.01	0.32	0.40	0.34	0.33	0.34	238.04	35.93	4
2021-10-31 17:28:07	3	372.66	305.35	234.72	238.80	236.40	0.32	0.40	0.34	0.33	0.33	238.04	35.93	4
2021-10-31 17:28:59	3	375.25	307.60	233.74	237.21	234.31	0.31	0.39	0.33	0.33	0.33	234.99	35.96	4
2021-10-31 17:29:21	3	365.92	311.99	233.72	237.21	233.96	0.33	0.38	0.33	0.33	0.33	234.99	35.87	4
2021-10-31 17:29:42	3	378.79	310.43	235.16	239.82	227.88	0.31	0.39	0.33	0.32	0.34	233.46	35.86	4
2021-10-31 17:29:56	3	377.42	309.36	233.48	239.70	228.37	0.31	0.38	0.33	0.32	0.34	231.94	35.77	4
2021-10-31 17:30:17	3	383.09	313.97	233.11	239.90	229.08	0.30	0.38	0.33	0.32	0.34	231.94	35.80	4
2021-10-31 17:30:39	3	366.19	300.13	233.43	239.48	228.47	0.31	0.39	0.33	0.32	0.33	228.89	35.79	4
2021-10-31 17:31:10	3	370.68	316.02	233.96	239.63	226.15	0.31	0.36	0.32	0.31	0.33	227.36	35.78	4
2021-10-31 17:31:32	3	367.85	308.16	232.99	238.46	227.25	0.31	0.37	0.32	0.31	0.33	225.83	35.80	4
2021-10-31 17:31:47	3	367.39	301.10	232.84	239.63	226.81	0.30	0.38	0.32	0.31	0.33	224.31	35.75	4
2021-10-31 17:32:07	3	358.36	317.90	233.28	239.65	224.05	0.32	0.34	0.31	0.31	0.33	221.26	35.80	4
2021-10-31 17:32:32	3	370.54	309.84	233.72	239.16	221.29	0.30	0.36	0.31	0.31	0.33	219.73	35.75	4
2021-10-31 17:32:58	3	368.17	313.95	234.16	239.58	221.37	0.31	0.35	0.31	0.31	0.33	219.73	35.85	4
2021-10-31 17:33:17	3	366.46	300.35	233.67	238.43	223.27	0.30	0.37	0.31	0.30	0.32	218.20	35.67	4
2021-10-31 17:33:37	3	357.45	317.22	234.74	240.31	228.13	0.32	0.34	0.31	0.31	0.32	222.78	35.66	4
2021-10-31 17:34:04	3	362.26	309.01	235.97	239.68	229.28	0.31	0.36	0.31	0.31	0.32	224.31	35.69	4
2021-10-31 17:34:25	3	367.53	313.53	235.62	241.14	227.86	0.31	0.36	0.31	0.31	0.33	224.31	35.68	4
2021-10-31 17:34:49	3	365.44	311.67	236.65	241.61	224.98	0.31	0.35	0.31	0.30	0.32	219.73	35.70	4
2021-10-31 17:35:08	3	371.07	316.46	235.67	240.56	231.01	0.31	0.35	0.31	0.31	0.32	222.78	35.62	4
2021-10-31 17:35:28	3	376.57	308.79	236.45	239.04	230.55	0.29	0.37	0.31	0.31	0.32	219.73	35.69	4
2021-10-31 17:35:36	3	361.16	308.09	236.14	240.51	231.25	0.31	0.36	0.31	0.31	0.32	222.78	35.68	4
2021-10-31 17:35:47	3	360.23	307.33	236.53	240.58	230.47	0.31	0.36	0.31	0.30	0.31	218.20	35.67	4
2021-10-31 17:36:21	3	364.14	309.82	232.77	235.79	227.05	0.30	0.34	0.30	0.30	0.31	210.57	35.60	4
2021-10-31 17:28:03	3	380.43	311.80	234.84	238.70	236.19	0.31	0.39	0.34	0.33	0.33	236.51	36.04	4
2021-10-31 17:28:24	3	363.78	310.28	234.65	238.70	235.45	0.33	0.38	0.34	0.33	0.33	236.51	35.99	4
2021-10-31 17:28:42	3	369.44	308.82	234.31	238.07	234.99	0.32	0.39	0.34	0.33	0.33	236.51	35.93	4
2021-10-31 17:29:03	3	367.53	313.38	233.65	237.16	235.28	0.32	0.37	0.33	0.33	0.33	233.46	35.95	4
2021-10-31 17:29:29	3	365.24	311.41	233.40	238.82	233.77	0.33	0.38	0.33	0.33	0.33	234.99	35.87	4
2021-10-31 17:29:50	3	378.08	309.82	230.81	240.14	228.59	0.31	0.39	0.34	0.32	0.34	233.46	35.94	4
2021-10-31 17:30:12	3	375.96	308.16	233.28	238.58	229.47	0.31	0.38	0.33	0.32	0.34	231.94	35.82	4
2021-10-31 17:30:35	3	373.88	306.45	233.57	239.53	228.67	0.31	0.38	0.33	0.32	0.34	230.41	35.87	4
2021-10-31 17:30:55	3	379.50	298.98	234.48	238.60	226.74	0.29	0.39	0.32	0.32	0.33	227.36	35.83	4
2021-10-31 17:31:18	3	369.98	303.23	233.28	239.92	226.88	0.31	0.38	0.32	0.31	0.33	227.36	35.78	4
2021-10-31 17:31:36	3	374.42	301.81	233.08	238.48	227.37	0.30	0.39	0.32	0.31	0.33	225.83	35.78	4
2021-10-31 17:32:03	3	365.85	312.04	233.35	239.51	224.00	0.31	0.36	0.32	0.31	0.33	222.78	35.72	4
2021-10-31 17:32:26	3	363.87	310.28	232.79	239.26	223.90	0.31	0.36	0.31	0.31	0.33	221.26	35.80	4
2021-10-31 17:32:46	3	361.99	308.79	234.11	239.48	221.37	0.31	0.36	0.31	0.31	0.33	219.73	35.76	4
2021-10-31 17:33:07	3	374.71	307.18	233.65	237.89	221.56	0.29	0.37	0.31	0.31	0.33	219.73	35.82	4
2021-10-31 17:33:29	3	372.74	305.57	234.87	239.77	224.54	0.30	0.37	0.31	0.31	0.33	221.26	35.75	4
2021-10-31 17:33:50	3	370.76	316.19	236.11	241.24	228.01	0.31	0.35	0.31	0.31	0.33	224.31	35.77	4
2021-10-31 17:34:19	3	360.99	307.94	235.67	241.09	227.91	0.31	0.37	0.31	0.31	0.33	224.31	35.75	4
2021-10-31 17:34:41	3	366.17	312.26	235.97	239.68	228.15	0.31	0.36	0.31	0.31	0.32	222.78	35.66	4
2021-10-31 17:35:04	3	371.49	304.57	237.09	241.21	225.93	0.30	0.38	0.31	0.31	0.33	224.31	35.73	4
2021-10-31 17:35:18	3	362.82	309.50	236.14	238.80	230.77	0.31	0.36	0.31	0.31	0.32	221.26	35.66	4
2021-10-31 17:35:40	3	368.15	313.97	236.23	240.46	231.30	0.31	0.35	0.31	0.31	0.32	221.26	35.61	4
2021-10-31 17:35:57	3	366.41	312.63	236.72	240.87	230.13	0.30	0.35	0.31	0.30	0.31	218.20	35.66	4
2021-10-31 17:36:05	3	365.73	312.07	234.06	238.38	228.81	0.30	0.35	0.31	0.30	0.31	215.15	35.57	4
2021-10-31 17:36:11	3	358.09	305.50	233.45	237.65	227.86	0.30	0.35	0.30	0.30	0.31	212.10	35.58	4
2021-10-31 17:36:26	3	371.37	305.47	232.91	235.67	227.13	0.28	0.35	0.30	0.30	0.31	210.57	35.65	4
2021-10-31 17:28:05	3	365.51	311.70	234.84	238.65	236.21	0.33	0.38	0.34	0.33	0.34	238.04	35.93	4
2021-10-31 17:28:28	3	370.73	316.02	234.77	237.60	235.82	0.33	0.37	0.34	0.33	0.33	236.51	35.95	4
2021-10-31 17:28:52	3	368.63	314.16	233.87	237.63	234.62	0.33	0.38	0.34	0.33	0.34	236.51	35.89	4
2021-10-31 17:29:15	3	373.83	306.33	233.89	235.53	234.28	0.31	0.39	0.33	0.33	0.33	234.99	35.87	4
2021-10-31 17:29:38	3	371.76	304.67	234.94	239.38	229.30	0.31	0.39	0.33	0.32	0.34	233.46	35.86	4
2021-10-31 17:30:00	3	369.71	315.14	233.23	238.36	229.15	0.32	0.37	0.33	0.32	0.34	231.94	35.87	4
2021-10-31 17:30:21	3	382.65	301.40	233.43	239.85	228.76	0.29	0.40	0.33	0.32	0.34	230.41	35.87	4
2021-10-31 17:30:37	3	366.36	300.22	233.28	239.38	228.35	0.32	0.39	0.33	0.32	0.34	230.41	35.85	4
2021-10-31 17:30:51	3	372.47	305.30	233.87	238.31	229.18	0.31	0.39	0.33	0.32	0.33	230.41	35.84	4
2021-10-31 17:30:57	3	371.81	304.77	234.31	238.28	226.71	0.31	0.38	0.32	0.32	0.34	228.89	35.84	4
2021-10-31 17:31:14	3	377.84	309.62	233.77	239.90	226.13	0.30	0.38	0.32	0.31	0.33	227.36	35.82	4
2021-10-31 17:31:20	3	377.15	303.11	233.33	239.68	226.66	0.30	0.38	0.32	0.31	0.33	227.36	35.76	4
2021-10-31 17:31:34	3	368.51	314.19	233.06	238.41	227.32	0.31	0.36	0.32	0.31	0.33	225.83	35.84	4
2021-10-31 17:31:43	3	367.85	313.60	232.99	239.92	227.01	0.31	0.36	0.32	0.31	0.33	225.83	35.71	4
2021-10-31 17:31:57	3	373.76	306.35	233.55	239.85	223.88	0.30	0.37	0.32	0.31	0.33	224.31	35.76	4
2021-10-31 17:32:05	3	373.03	305.74	233.35	239.55	223.93	0.30	0.38	0.32	0.31	0.33	222.78	35.74	4
2021-10-31 17:32:19	3	364.43	310.77	233.08	237.55	223.83	0.31	0.36	0.31	0.31	0.33	221.26	35.84	4
2021-10-31 17:32:28	3	370.93	304.06	233.45	239.02	223.64	0.30	0.37	0.31	0.31	0.33	221.26	35.78	4
2021-10-31 17:32:52	3	368.73	302.35	234.09	239.36	221.39	0.30	0.37	0.31	0.31	0.33	219.73	35.78	4
2021-10-31 17:33:13	3	374.18	306.69	232.62	237.26	223.73	0.29	0.37	0.31	0.31	0.32	218.20	35.77	4
2021-10-31 17:33:25	3	380.52	299.83	235.28	239.82	224.86	0.28	0.39	0.31	0.31	0.33	221.26	35.73	4
2021-10-31 17:33:56	3	377.72	297.61	236.19	239.68	228.25	0.29	0.39	0.31	0.31	0.32	222.78	35.66	4
2021-10-31 17:34:16	3	368.46	314.29	235.67	241.02	227.91	0.31	0.36	0.31	0.31	0.33	224.31	35.73	4
2021-10-31 17:34:39	3	373.71	306.38	235.50	239.58	229.28	0.30	0.37	0.32	0.31	0.32	224.31	35.65	4
2021-10-31 17:34:57	3	364.68	311.06	237.65	241.31	224.86	0.31	0.36	0.31	0.31	0.33	221.26	35.74	4
2021-10-31 17:35:06	3	371.15	304.35	235.62	240.34	230.96	0.30	0.38	0.31	0.31	0.32	224.31	35.64	4
2021-10-31 17:35:16	3	370.34	315.85	236.11	239.02	230.47	0.30	0.35	0.31	0.31	0.32	221.26	35.65	4
2021-10-31 17:35:26	3	362.09	308.87	236.38	239.09	230.57	0.31	0.36	0.31	0.31	0.32	221.26	35.71	4
2021-10-31 17:36:03	3	373.35	306.11	233.77	238.24	228.54	0.29	0.36	0.31	0.30	0.31	215.15	35.60	4
2021-10-31 17:36:24	3	364.17	310.67	232.91	235.65	227.18	0.29	0.34	0.30	0.30	0.31	210.57	35.62	4
2021-10-31 17:28:09	3	372.49	317.53	235.06	238.65	235.11	0.32	0.37	0.33	0.33	0.33	236.51	35.82	4
2021-10-31 17:28:22	3	378.64	304.28	234.65	238.92	235.45	0.31	0.40	0.34	0.33	0.33	236.51	35.96	4
2021-10-31 17:28:30	3	363.19	303.72	234.82	237.43	235.77	0.33	0.40	0.34	0.33	0.33	236.51	35.96	4
2021-10-31 17:29:07	3	374.49	307.01	233.62	237.06	235.11	0.31	0.39	0.33	0.33	0.33	234.99	35.81	4
2021-10-31 17:29:25	3	372.86	317.90	233.55	237.33	234.09	0.32	0.37	0.33	0.33	0.33	234.99	35.87	4
2021-10-31 17:29:46	3	371.05	316.29	234.84	239.48	227.57	0.32	0.37	0.33	0.32	0.34	233.46	35.87	4
2021-10-31 17:29:52	3	370.42	303.64	233.43	240.02	227.96	0.31	0.39	0.33	0.32	0.34	231.94	35.88	4
2021-10-31 17:30:25	3	360.26	307.16	233.38	239.92	228.64	0.33	0.38	0.33	0.32	0.34	230.41	35.78	4
2021-10-31 17:30:43	3	373.15	305.79	233.65	239.63	228.67	0.31	0.39	0.33	0.32	0.34	230.41	35.85	4
2021-10-31 17:31:08	3	370.86	310.01	234.01	239.68	226.15	0.31	0.38	0.32	0.32	0.34	228.89	35.76	4
2021-10-31 17:31:24	3	369.37	308.84	232.91	239.75	226.96	0.31	0.37	0.32	0.31	0.33	225.83	35.75	4
2021-10-31 17:31:51	3	374.37	306.77	232.84	239.68	226.81	0.30	0.37	0.32	0.31	0.33	224.31	35.79	4
2021-10-31 17:32:13	3	372.22	305.20	233.06	237.67	224.00	0.30	0.37	0.31	0.31	0.33	221.26	35.70	4
2021-10-31 17:32:36	3	370.20	315.70	233.77	239.31	221.39	0.30	0.35	0.31	0.31	0.33	219.73	35.76	4
2021-10-31 17:33:00	3	368.05	301.69	233.65	238.07	221.66	0.30	0.37	0.31	0.31	0.33	219.73	35.74	4
2021-10-31 17:33:23	3	358.72	318.29	233.94	238.33	223.32	0.32	0.34	0.31	0.30	0.32	218.20	35.66	4
2021-10-31 17:33:44	3	364.12	310.58	235.79	241.12	227.71	0.31	0.36	0.31	0.31	0.33	224.31	35.72	4
2021-10-31 17:34:06	3	369.29	314.95	235.70	240.99	228.69	0.31	0.35	0.31	0.31	0.33	224.31	35.74	4
2021-10-31 17:34:27	3	367.44	301.25	235.72	241.17	227.86	0.30	0.38	0.31	0.31	0.32	221.26	35.67	4
2021-10-31 17:34:47	3	372.98	305.74	236.70	241.53	224.88	0.30	0.38	0.31	0.31	0.33	222.78	35.74	4
2021-10-31 17:35:14	3	370.49	303.76	235.92	240.51	229.96	0.30	0.38	0.31	0.31	0.32	224.31	35.63	4
2021-10-31 17:35:34	3	361.38	308.28	236.19	240.38	231.28	0.31	0.36	0.31	0.31	0.32	221.26	35.71	4
2021-10-31 17:35:51	3	367.17	301.03	236.67	240.78	230.52	0.30	0.37	0.31	0.30	0.32	219.73	35.63	4
2021-10-31 17:36:13	3	379.94	300.30	233.30	237.53	227.84	0.27	0.37	0.30	0.30	0.31	212.10	35.61	4
2021-10-31 17:28:14	3	364.85	311.06	234.99	238.92	235.21	0.33	0.38	0.33	0.33	0.33	236.51	35.94	4
2021-10-31 17:28:32	3	377.72	309.58	234.55	237.38	236.87	0.31	0.39	0.34	0.33	0.33	236.51	35.95	4
2021-10-31 17:28:40	3	377.03	308.94	234.33	238.21	235.09	0.31	0.39	0.34	0.33	0.33	236.51	35.88	4
2021-10-31 17:28:46	3	376.42	314.63	234.26	237.97	235.09	0.32	0.38	0.34	0.33	0.33	236.51	35.92	4
2021-10-31 17:29:01	3	375.15	307.38	233.40	237.02	235.28	0.31	0.39	0.33	0.33	0.33	234.99	35.93	4
2021-10-31 17:29:09	3	374.30	306.82	233.96	237.26	234.23	0.31	0.39	0.33	0.33	0.33	234.99	35.88	4
2021-10-31 17:29:23	3	373.05	305.82	233.62	237.24	233.67	0.31	0.39	0.33	0.33	0.33	234.99	35.87	4
2021-10-31 17:29:31	3	372.32	304.33	233.45	238.87	234.65	0.31	0.39	0.33	0.33	0.33	234.99	35.87	4
2021-10-31 17:30:06	3	376.50	308.60	233.43	238.55	229.32	0.31	0.39	0.33	0.32	0.34	231.94	35.82	4
2021-10-31 17:30:29	3	367.10	312.94	233.43	239.87	228.64	0.32	0.37	0.33	0.32	0.34	231.94	35.89	4
2021-10-31 17:30:47	3	380.28	311.65	234.01	238.38	229.35	0.30	0.38	0.32	0.32	0.33	228.89	35.85	4
2021-10-31 17:31:00	3	371.73	304.64	233.82	238.04	226.69	0.31	0.39	0.32	0.32	0.34	228.89	35.77	4
2021-10-31 17:31:28	3	376.40	302.52	232.94	238.36	227.20	0.30	0.38	0.32	0.31	0.33	225.83	35.77	4
2021-10-31 17:31:55	3	366.53	300.52	233.87	240.12	224.15	0.31	0.38	0.32	0.31	0.33	224.31	35.75	4
2021-10-31 17:32:15	3	372.12	305.03	233.13	237.82	224.10	0.30	0.37	0.31	0.31	0.33	221.26	35.79	4
2021-10-31 17:32:30	3	363.51	310.04	233.79	239.16	221.34	0.31	0.35	0.31	0.31	0.33	219.73	35.75	4
2021-10-31 17:32:42	3	369.61	315.19	234.01	239.38	221.29	0.30	0.35	0.31	0.31	0.33	219.73	35.65	4
2021-10-31 17:33:11	3	366.97	300.91	233.35	237.53	221.22	0.30	0.37	0.31	0.31	0.33	218.20	35.73	4
2021-10-31 17:33:33	3	365.04	311.31	235.04	240.19	225.44	0.31	0.35	0.31	0.31	0.33	221.26	35.75	4
2021-10-31 17:33:52	3	356.08	303.86	236.26	240.26	228.18	0.32	0.37	0.31	0.31	0.32	222.78	35.75	4
2021-10-31 17:34:10	3	376.35	308.57	235.70	241.09	228.93	0.30	0.37	0.31	0.31	0.33	224.31	35.72	4
2021-10-31 17:34:35	3	381.60	312.80	235.38	239.53	229.03	0.29	0.37	0.31	0.31	0.32	222.78	35.69	4
2021-10-31 17:34:59	3	379.30	298.86	237.53	241.29	224.83	0.28	0.39	0.31	0.31	0.33	221.26	35.74	4
2021-10-31 17:35:22	3	369.76	315.39	236.11	238.85	230.81	0.31	0.35	0.31	0.31	0.32	222.78	35.64	4
2021-10-31 17:35:45	3	360.53	307.60	236.38	240.60	230.30	0.31	0.36	0.31	0.30	0.32	219.73	35.65	4
2021-10-31 17:36:09	3	372.95	306.57	233.38	238.14	228.18	0.28	0.36	0.30	0.30	0.31	213.63	35.61	4
2021-10-31 17:36:32	3	370.66	303.94	232.55	235.45	226.83	0.28	0.35	0.30	0.29	0.31	209.05	35.62	4
2021-10-31 17:28:11	3	364.95	311.21	235.11	238.72	235.26	0.33	0.38	0.33	0.33	0.33	236.51	35.86	4
2021-10-31 17:28:34	3	370.17	309.48	235.50	233.72	237.28	0.32	0.39	0.33	0.34	0.33	236.51	35.88	4
2021-10-31 17:28:50	3	368.78	308.28	234.04	237.80	234.96	0.32	0.39	0.34	0.33	0.33	236.51	35.87	4
2021-10-31 17:29:11	3	381.67	300.54	233.89	237.26	234.04	0.30	0.41	0.34	0.33	0.34	236.51	35.87	4
2021-10-31 17:29:33	3	372.17	305.03	233.35	238.77	234.60	0.32	0.39	0.33	0.33	0.33	234.99	35.93	4
2021-10-31 17:29:54	3	370.32	315.63	233.40	239.92	227.84	0.32	0.37	0.33	0.32	0.34	231.94	35.87	4
2021-10-31 17:30:08	3	368.98	314.56	233.30	238.19	229.25	0.32	0.37	0.33	0.32	0.34	231.94	35.78	4
2021-10-31 17:30:14	3	361.21	307.96	232.99	239.63	229.01	0.33	0.38	0.33	0.32	0.33	230.41	35.86	4
2021-10-31 17:30:31	3	366.92	312.77	233.45	239.51	228.54	0.32	0.37	0.33	0.32	0.34	230.41	35.97	4
2021-10-31 17:31:12	3	363.16	303.72	234.16	239.82	226.32	0.31	0.38	0.32	0.31	0.33	227.36	35.81	4
2021-10-31 17:31:41	3	381.57	307.70	232.72	239.60	226.79	0.29	0.38	0.32	0.31	0.33	225.83	35.73	4
2021-10-31 17:31:59	3	359.01	318.54	233.82	240.02	224.27	0.32	0.34	0.32	0.31	0.33	222.78	35.86	4
2021-10-31 17:32:24	3	371.39	316.70	232.72	239.16	223.54	0.30	0.35	0.31	0.31	0.33	221.26	35.79	4
2021-10-31 17:32:48	3	376.54	296.66	234.33	239.58	221.59	0.28	0.38	0.31	0.30	0.33	218.20	35.76	4
2021-10-31 17:33:09	3	367.17	313.09	233.62	237.80	221.54	0.30	0.35	0.31	0.31	0.33	218.20	35.79	4
2021-10-31 17:33:27	3	365.61	311.80	235.28	239.97	224.91	0.31	0.36	0.31	0.31	0.33	221.26	35.68	4
2021-10-31 17:33:54	3	363.09	309.77	236.28	239.77	228.37	0.31	0.36	0.31	0.31	0.32	222.78	35.68	4
2021-10-31 17:34:14	3	368.63	314.34	235.84	241.12	228.13	0.31	0.36	0.31	0.31	0.33	224.31	35.65	4
2021-10-31 17:34:33	3	366.88	300.74	235.60	239.63	229.15	0.31	0.38	0.31	0.31	0.32	222.78	35.73	4
2021-10-31 17:35:02	3	371.64	316.95	237.50	241.21	224.78	0.31	0.35	0.31	0.31	0.33	221.26	35.64	4
2021-10-31 17:35:24	3	369.59	303.08	236.36	238.97	230.69	0.30	0.38	0.31	0.31	0.32	221.26	35.67	4
2021-10-31 17:35:43	3	375.27	307.70	236.48	240.48	230.15	0.29	0.37	0.31	0.30	0.32	219.73	35.66	4
2021-10-31 17:35:59	3	366.41	312.60	236.97	240.53	230.28	0.31	0.35	0.31	0.30	0.31	218.20	35.62	4
2021-10-31 17:36:15	3	364.85	311.21	233.30	237.45	227.27	0.29	0.34	0.30	0.30	0.31	212.10	35.69	4
2021-10-31 17:28:16	3	364.48	310.75	233.04	238.99	235.65	0.33	0.38	0.34	0.33	0.33	236.51	35.96	4
2021-10-31 17:28:36	3	369.95	303.20	234.40	236.80	236.55	0.32	0.40	0.34	0.33	0.33	236.51	35.87	4
2021-10-31 17:28:48	3	376.25	308.40	234.13	237.87	234.96	0.31	0.39	0.34	0.33	0.33	236.51	35.88	4
2021-10-31 17:29:13	3	366.61	312.63	233.91	236.01	234.35	0.33	0.38	0.33	0.33	0.33	234.99	35.87	4
2021-10-31 17:29:36	3	379.40	317.14	234.92	239.41	229.23	0.31	0.38	0.33	0.32	0.34	233.46	35.91	4
2021-10-31 17:29:58	3	362.65	309.23	233.21	239.92	228.96	0.33	0.38	0.33	0.32	0.34	231.94	35.86	4
2021-10-31 17:30:19	3	368.07	301.66	233.11	239.90	228.89	0.32	0.39	0.33	0.32	0.34	231.94	35.79	4
2021-10-31 17:30:41	3	358.79	305.94	233.69	239.75	228.76	0.33	0.38	0.33	0.32	0.34	230.41	35.88	4
2021-10-31 17:31:02	3	378.91	310.53	234.18	239.80	226.32	0.30	0.38	0.32	0.32	0.34	228.89	35.78	4
2021-10-31 17:31:30	3	376.32	308.43	232.86	238.31	227.08	0.30	0.38	0.32	0.31	0.33	225.83	35.79	4
2021-10-31 17:31:45	3	367.56	313.33	232.82	239.85	226.71	0.31	0.36	0.32	0.31	0.33	225.83	35.78	4
2021-10-31 17:32:17	3	379.38	298.83	232.84	237.43	223.78	0.29	0.38	0.31	0.31	0.33	221.26	35.78	4
2021-10-31 17:32:40	3	377.33	309.33	233.99	239.38	221.17	0.29	0.37	0.31	0.31	0.33	219.73	35.69	4
2021-10-31 17:33:03	3	360.55	307.55	233.87	238.24	222.00	0.31	0.35	0.31	0.31	0.33	218.20	35.65	4
2021-10-31 17:33:15	3	374.05	306.52	232.13	238.65	223.42	0.29	0.37	0.31	0.30	0.32	218.20	35.71	4
2021-10-31 17:33:35	3	364.80	311.21	235.14	240.29	225.64	0.31	0.36	0.31	0.31	0.33	221.26	35.71	4
2021-10-31 17:33:46	3	371.22	304.30	236.09	241.19	227.91	0.30	0.38	0.31	0.31	0.32	222.78	35.74	4
2021-10-31 17:33:58	3	370.10	315.58	236.26	239.80	228.32	0.31	0.35	0.31	0.31	0.32	222.78	35.67	4
2021-10-31 17:34:08	3	354.79	302.64	235.77	241.14	228.93	0.32	0.37	0.31	0.31	0.32	222.78	35.74	4
2021-10-31 17:34:21	3	375.54	307.84	235.77	241.12	228.06	0.30	0.37	0.31	0.31	0.32	222.78	35.75	4
2021-10-31 17:34:31	3	374.44	306.99	235.97	239.73	228.20	0.30	0.37	0.31	0.31	0.33	224.31	35.68	4
2021-10-31 17:34:43	3	366.00	312.14	236.11	239.82	228.30	0.31	0.36	0.31	0.31	0.32	222.78	35.70	4
2021-10-31 17:34:53	3	372.42	305.30	237.63	241.41	224.81	0.30	0.37	0.31	0.31	0.33	222.78	35.74	4
2021-10-31 17:35:55	3	374.15	306.62	236.94	240.68	230.15	0.29	0.37	0.31	0.30	0.32	219.73	35.59	4
2021-10-31 17:36:30	3	370.83	304.11	232.96	235.67	227.13	0.28	0.35	0.30	0.29	0.31	209.05	35.62	4
\.


--
-- TOC entry 2988 (class 0 OID 16399)
-- Dependencies: 205
-- Data for Name: location; Type: TABLE DATA; Schema: public; Owner: kaco
--

COPY public.location (location_id, country, district, city, post_number, address) FROM stdin;
1	Republika Hrvatska	Sisako-moslavaka	Glina	44400	Moje selo 459
2	Republika Hrvatska	Grad Zagreb	Zagreb	10000	Unska ulica 3
\.


--
-- TOC entry 2991 (class 0 OID 16425)
-- Dependencies: 208
-- Data for Name: owned_by; Type: TABLE DATA; Schema: public; Owner: kaco
--

COPY public.owned_by (plant_id, person_id) FROM stdin;
1	1
3	2
\.


--
-- TOC entry 2986 (class 0 OID 16388)
-- Dependencies: 203
-- Data for Name: person; Type: TABLE DATA; Schema: public; Owner: kaco
--

COPY public.person (person_id, first_name, last_name) FROM stdin;
1	Mile	Ja
2	Hrvoje	Rom
3	arko	Biser
4	Hrvoje	Rom
5	Mile	Ja
6	arko	Biser
\.


--
-- TOC entry 2990 (class 0 OID 16412)
-- Dependencies: 207
-- Data for Name: power_plant; Type: TABLE DATA; Schema: public; Owner: kaco
--

COPY public.power_plant (plant_id, plant_name, plant_type, nominal_power, deployment_date, location_id) FROM stdin;
1	Moje postrojenje	kupac_s_vlastitom_proizvodnjom	6500.00	2021-11-02 00:23:05.46	1
3	Drugo postrojenje	kupac_s_vlastitom_proizvodnjom	6500.00	2021-11-15 15:48:56.742097	2
\.


--
-- TOC entry 3001 (class 0 OID 0)
-- Dependencies: 204
-- Name: location_location_id_seq; Type: SEQUENCE SET; Schema: public; Owner: kaco
--

SELECT pg_catalog.setval('public.location_location_id_seq', 4, true);


--
-- TOC entry 3002 (class 0 OID 0)
-- Dependencies: 202
-- Name: person_person_id_seq; Type: SEQUENCE SET; Schema: public; Owner: kaco
--

SELECT pg_catalog.setval('public.person_person_id_seq', 6, true);


--
-- TOC entry 3003 (class 0 OID 0)
-- Dependencies: 206
-- Name: power_plant_plant_id_seq; Type: SEQUENCE SET; Schema: public; Owner: kaco
--

SELECT pg_catalog.setval('public.power_plant_plant_id_seq', 3, true);


--
-- TOC entry 2854 (class 2606 OID 16444)
-- Name: data_entry data_entry_pkey; Type: CONSTRAINT; Schema: public; Owner: kaco
--

ALTER TABLE ONLY public.data_entry
    ADD CONSTRAINT data_entry_pkey PRIMARY KEY ("timestamp", plant_id);


--
-- TOC entry 2844 (class 2606 OID 16409)
-- Name: location location_country_district_city_post_number_address_key; Type: CONSTRAINT; Schema: public; Owner: kaco
--

ALTER TABLE ONLY public.location
    ADD CONSTRAINT location_country_district_city_post_number_address_key UNIQUE (country, district, city, post_number, address);


--
-- TOC entry 2846 (class 2606 OID 16407)
-- Name: location location_pkey; Type: CONSTRAINT; Schema: public; Owner: kaco
--

ALTER TABLE ONLY public.location
    ADD CONSTRAINT location_pkey PRIMARY KEY (location_id);


--
-- TOC entry 2852 (class 2606 OID 16429)
-- Name: owned_by owned_by_pkey; Type: CONSTRAINT; Schema: public; Owner: kaco
--

ALTER TABLE ONLY public.owned_by
    ADD CONSTRAINT owned_by_pkey PRIMARY KEY (plant_id, person_id);


--
-- TOC entry 2842 (class 2606 OID 16396)
-- Name: person person_pkey; Type: CONSTRAINT; Schema: public; Owner: kaco
--

ALTER TABLE ONLY public.person
    ADD CONSTRAINT person_pkey PRIMARY KEY (person_id);


--
-- TOC entry 2848 (class 2606 OID 16417)
-- Name: power_plant power_plant_pkey; Type: CONSTRAINT; Schema: public; Owner: kaco
--

ALTER TABLE ONLY public.power_plant
    ADD CONSTRAINT power_plant_pkey PRIMARY KEY (plant_id);


--
-- TOC entry 2850 (class 2606 OID 16419)
-- Name: power_plant power_plant_plant_name_key; Type: CONSTRAINT; Schema: public; Owner: kaco
--

ALTER TABLE ONLY public.power_plant
    ADD CONSTRAINT power_plant_plant_name_key UNIQUE (plant_name);


--
-- TOC entry 2858 (class 2606 OID 16445)
-- Name: data_entry data_entry_plant_id_fkey; Type: FK CONSTRAINT; Schema: public; Owner: kaco
--

ALTER TABLE ONLY public.data_entry
    ADD CONSTRAINT data_entry_plant_id_fkey FOREIGN KEY (plant_id) REFERENCES public.power_plant(plant_id);


--
-- TOC entry 2857 (class 2606 OID 16435)
-- Name: owned_by owned_by_person_id_fkey; Type: FK CONSTRAINT; Schema: public; Owner: kaco
--

ALTER TABLE ONLY public.owned_by
    ADD CONSTRAINT owned_by_person_id_fkey FOREIGN KEY (person_id) REFERENCES public.person(person_id);


--
-- TOC entry 2856 (class 2606 OID 16430)
-- Name: owned_by owned_by_plant_id_fkey; Type: FK CONSTRAINT; Schema: public; Owner: kaco
--

ALTER TABLE ONLY public.owned_by
    ADD CONSTRAINT owned_by_plant_id_fkey FOREIGN KEY (plant_id) REFERENCES public.power_plant(plant_id);


--
-- TOC entry 2855 (class 2606 OID 16420)
-- Name: power_plant power_plant_location_id_fkey; Type: FK CONSTRAINT; Schema: public; Owner: kaco
--

ALTER TABLE ONLY public.power_plant
    ADD CONSTRAINT power_plant_location_id_fkey FOREIGN KEY (location_id) REFERENCES public.location(location_id);


-- Completed on 2021-11-16 03:54:46

--
-- PostgreSQL database dump complete
--

